tf,K94,L1,L12,L13,L14,L16,L20,L24,L25,L26,L27,L3,L30,L33,L4,L5,L6,L8,L9
AHR,-0.07909045989474509,-0.3317149818220516,-1.7709275386709997,0.173216474211434,1.0761444574907761,-1.3965878211304714,-0.079571222215602,-0.5895625659002599,-0.14466121908639953,0.506778581612104,0.8066931018632979,-0.25583073942934603,-0.7499961810495124,0.5297714461670442,0.143658266605753,0.7688573190883983,2.4409748652808463,0.4653443151237333,-0.327851790445679
AR,-0.19325283998377737,1.6586081199025586,-1.3793780519409564,1.7907887131919769,-0.1409331840936445,-1.1085242075796693,0.7493187215468438,-0.9839057860240145,-1.2944177808294024,-1.2610364986622535,-1.4279259616063698,-0.30936890505384423,1.9264033191157048,-1.2416360055411242,0.44152797543055095,-0.5200809877843825,2.31755415831337,0.04824596260549258,-0.24557964338883315
ARID1A,-2.0182966736038632,-0.3614418098915772,2.262107028010151,1.7122212772973078,0.11060948003097566,-0.9217136952248891,-0.41665568586697393,-0.02693186323340529,-0.03677323568976807,0.259015226562962,0.03899875781024085,-1.8145760119742307,0.5718007366330448,0.08491799357473681,1.6828408504240733,-0.2737921624420298,-0.797588862113589,-2.0442240224665955,1.5331833135798398
ARID1B,0.47307809299740344,0.21338225925067997,0.9297051782995421,0.835717544118063,-0.29715441021919625,-1.8162459011404795,0.5877228274587698,1.029559600681928,-3.291600697206158,-0.5647692335640118,-0.6647416961095407,-1.6621134784803435,0.007366643809310344,0.5227363332249129,1.868061235807562,0.39827137534810597,2.1397655673891056,0.22452806540554682,0.16383544800680414
ARID2,0.7534203719957354,-1.8595002584321796,1.3917141112885136,0.8748132926433186,-1.063229297054023,-0.618750998622481,-0.0018525824158524679,-0.6486417879238322,-0.4220125071930153,-0.7321998475744954,-0.36322887397939707,-0.8843013868695371,-0.04649443324182356,-1.1684975312874493,1.7248789524408672,0.5144834647421809,1.8303811253021518,-0.028111334059719564,0.1543837407875389
ARID3A,1.5633356562691834,0.46315127893293445,-0.7356682398185532,0.34610680254770426,-0.12356170775552133,-0.26882932346613847,-0.9731320797769691,0.3783116974369538,0.5883568161771245,-0.13287784064452082,0.7750757264659975,-0.7694206636982672,0.5672028531307862,-0.6458791846723035,0.7897617984303739,-1.0481120136309163,-0.18179552016737166,-0.8152405165423385,1.2248032036204837
ARNT,-1.3227024585997498,1.8519366167280258,0.4266708253210064,0.9988038304146128,0.5290378690382698,-1.7243402484609391,0.7283373190793355,-2.7854998766298067,-1.7406532442075513,-1.0022850973883601,-0.815587864373388,0.3542487149369226,-0.15409887964552443,-2.8624822950353535,0.07838929778227025,0.9923655887341785,2.972912026066325,2.100457933737667,-0.2544556475687316
ASCL1,0.47754467649098625,1.5343852271060687,-0.5194888314199337,-0.8562935390709383,1.2112496505464705,0.08556423668729396,-1.7306980791966882,-0.006782575855215398,0.8762506024052126,0.15235477498099764,1.91270612491792,-0.5282818358060785,2.0104790897390092,-0.5870391851887483,1.3038250812566388,-0.5032939998965236,-1.8617715907386052,-3.3906283256877243,0.9010603692306323
ATF3,0.019085248697218993,-0.3189685379512875,0.15702242202222028,-1.8915273187360837,0.6128194011560197,-0.31481639124192273,-1.6377162382437784,2.6740845091295724,0.2478722306708505,2.521702377608714,2.1592431743002365,-0.9859867926621264,0.5628883946313383,2.4775744785376155,-0.7083746619526212,-0.928388011404453,-0.44664246596729595,-0.41906183713534895,-0.70948916761712
ATF6,0.8039242555944865,2.567743909506594,0.10845541568589896,-0.051369558209743836,-0.4585224952354484,-1.5085602301950418,-0.24548506609647627,0.016286499185381928,-0.6698277814045335,-1.5105656160992635,-1.007145022106268,-0.7225158281059191,-0.016460006322888646,-0.023411592537079206,1.784548855656246,1.248025342286097,-0.0739843403606098,-0.5805169083150982,-0.45262433889579845
ATF7,-0.2532490675868405,1.1705758778511972,2.2389199348625475,0.9346556044512045,0.10367402461220725,-1.6831031232106388,0.8375091732147217,-0.812291527175103,-0.840672698605649,-0.6499360538060761,0.011560621557751422,-0.8435194453259264,0.5420768091534702,-1.6444935577917015,1.690793817472526,0.34033934656889614,0.07777361713233771,-1.0729710302670925,1.2905025574128741
BACH1,1.665967543130746,-1.3808804624368434,-1.0041684826325226,-0.5278179266884103,1.5346176549613428,2.0648088173089834,-1.0948603069568392,-0.7012121058168752,-0.39887680024647165,-1.0690951176042307,0.21191503312941398,0.8545477269856964,1.8764127577245118,-1.7872142288642712,-0.5441027203718268,0.06449099129114469,-0.39360848936007353,0.39103612330904264,0.98673952680563215
BACH2,1.270729220326249,-1.165441465981964,-0.9445487989653368,-1.1469501742046075,0.356487096209316,1.7906717393905796,-1.3392301963559614,0.3688702402486319,2.04267445319226,1.0452518746090798,3.435218339841478,-0.8594747812979466,1.051293924097094,-0.22857327098756824,-0.3751893281633487,-0.5285561527393465,-1.1458251598275435,-0.9079963875777289,1.1723848317239767
BATF,-0.7601683887612682,-1.1197970975745848,-0.302745311818492,-0.14053783299531084,-0.6363394185615321,1.1430757660781117,-0.537199079850018,-0.10992605432059818,1.4044004150840501,-0.4771574025512371,0.3391586508445905,0.4340347493038356,0.4104721236783617,-0.7395042485213201,0.19047622965431826,-0.39734770268868524,0.8534033847533102,0.3355029934561489,0.12513077746407358
BCL3,1.535520390061131,1.4799707656408418,-1.1764965052221636,-0.20206373480536188,-0.2357743122252017,0.7035856706942537,0.6129835902169941,-0.9871017952815526,0.009311980776299725,-1.6685027583676548,-1.584685070963977,-0.1071687518072968,0.45646148107623324,-2.0867796262251836,0.7083337827674594,0.9191598519380334,-1.0561143205974384,-0.31320417743191786,0.9799756341721348
BCL6,1.2461432038123226,-1.5038426687958668,-0.7393682147142662,-0.11310600763050202,-0.5540174749896978,1.5212781242865785,-0.3984432862009386,1.8569169541078763,2.1018439950552392,1.1380103408019635,1.3294990038875771,-0.31072173695414923,0.04850316332078732,1.3809378508661316,-1.0680937053704909,-1.5146712263726196,-2.853650118460132,-0.9914541925204419,-0.39502824906874284
BHLHE22,0.2957341417438573,-1.204991569938679,-1.521747179874454,-1.5342621951575575,-0.5170450148625568,0.7150098716273716,0.15711619872028412,1.9249313945446662,0.6198207518432484,2.1023560225045497,-0.2229869548185517,1.6564896692939062,-1.7966367681450304,2.7702692720472606,-1.4201314206370734,-0.6490771644463307,-0.3388913964710097,0.9219499249179562,-1.7803618011620932
BHLHE40,-1.734196010319397,-0.40333454539325014,-0.8414017257728507,-1.519176319098236,-0.3990930767922061,0.7286407695401698,0.37616714239875,1.5175794462215568,0.3470067212065658,0.6585800844054326,0.19334273460211307,1.0646343352306795,-2.0495504804376607,2.226623013849055,-0.5638786164623822,-0.15907249449063424,1.0659904238795057,0.12669773943486715,-0.9840046176892623
CEBPA,-0.42128327733255994,1.5588111847550177,2.0531691570655988,3.214049223806054,-2.272083507381072,-0.3832851146342092,4.209919829385243,1.1356239608671763,-1.7197497852212873,0.7751357253436425,0.026233965066228937,-2.933738380339206,-1.442203593731145,1.1024049911599847,-1.245547425688769,-2.9146154679312333,2.123810879906407,-1.3086649191202393,-3.3000496989703976
CEBPB,1.4952430081204497,0.8967449567909441,-0.3231557739493968,-0.7100732947774184,-0.8441070965535634,-0.8944945944231619,0.6260052781160699,-1.6686106067562227,-0.17530777557195992,0.31445731279438516,-1.3982896791980552,1.154997441077056,-0.7207248251789015,-0.2112228155113124,-0.377166697719621,0.6007125177283609,2.269954598842984,1.4402757380365068,-2.0735978165971405
CEBPG,-1.090545395639332,1.8201027876416873,2.103263159274589,2.137091790503435,-1.9975090627777221,-2.7971969499460316,1.8320096524112868,-2.2022319186107007,-3.3742878323690477,-4.3764530844769585,-2.740372709524379,2.361126325958129,-0.9195856755180875,-1.4527330333421193,3.399366800012836,2.56317173529674,2.203768352226538,1.4189222906337353,-2.8245378421142924
CLOCK,1.589761128990645,-0.7079256361634911,-0.031417209025160764,1.8425679206889591,0.5959040783639625,0.3351099022765147,0.025924247546704127,-0.32401142502380903,-1.178631034137702,-1.3273801008381465,-1.1337572861732736,-1.019542054641338,0.9753997170090325,-0.16119568884486918,-0.30627449293885595,-0.732703093182655,0.10324581876929445,0.5212207289184048,1.3101677998436712
CREB1,0.12058073664161745,5.354043580689665e-4,0.833135262981217,0.4815331287436914,-0.5789030814926285,1.137145586310932,1.052713717196809,1.0655897455726802,0.07080707325934771,0.4983020857323262,0.8741497510297469,-9.013241842503403e-4,-0.8542662905961762,0.8304069244038152,-0.42130121204708226,0.8923655208741837,-0.9752959023502153,-2.44123978449151,-1.7207849667090866
CREB3,-0.3026034457921352,0.6538395722454282,-1.9579692206194321,-1.8992994990490515,0.350571761452008,0.5042985533803342,-0.43370463034010415,-0.3677490236324607,0.5067924277297348,0.4728583409253722,-1.022369453551593,1.925299888576479,0.5421878873283483,-0.36652964155893347,-0.8853159158374639,0.40777207618410194,-0.3285872632246951,0.6352459023942968,0.6140721641167177
CREB3L1,-1.3081673479849065,0.16458347060655776,1.436403053888481,1.2333110362935729,-0.009313786797381327,-0.21364759487766502,0.7025165931837282,-1.0672892582726188,-1.003530671455868,-0.8569213184630035,0.46885183829733557,-0.8450307917860035,0.22697548609588347,-1.2592905242644916,0.7005681372236467,-0.3754551413233269,0.020016043587105455,0.22032243340778884,0.5905006984046463
CREM,-0.8866251322598662,1.7638062095397675,-1.3916684412299185,-1.496137962109768,-0.9214245454454093,-0.5448860242613085,0.39693194392724696,-1.804499803555311,1.3032993825313341,-1.8252979159703497,1.0447857397210485,1.7831970482913406,-0.5983987974030058,-1.4939044551589897,0.01597668253918378,0.38329450960547595,1.114481740053813,0.8926639027185037,-0.19937405130451752
CTCF,-0.8194187810105799,-1.268120882578718,0.6762218059592061,0.8444796695125465,0.7826442952702102,0.09005025329908835,-1.085941015781837,-0.3386269272938052,-0.39188895686526165,0.3065128135410434,0.039495314785727154,-0.3140680896927931,0.658320626551301,1.1797046524230654,0.2103147862159438,-1.0159491098994606,0.08491577789907728,0.5835260807530555,0.6607463934394824
CTCFL,-1.1566377703391166,0.34202897735670523,1.9950227829707095,1.7525425845453135,-0.3614625130370184,-0.24216686430566092,-0.4279770724035772,-1.661970972273231,-1.783373705228319,-2.4882547731937947,-1.528205531924967,0.8659611233550586,-0.3805552095368384,-1.3348393701599028,1.9083393319509385,1.6749675133279158,1.1150393806823207,0.1931522828686844,-0.22123270503092732
CUX1,-0.198748077066312,-0.7563807437096657,-0.2609600367862926,0.050652195740226134,-0.01978849229428287,-0.22650030298848978,0.6311126746627536,0.42693623529337593,-0.684615095092783,0.5501558593837018,-0.3859984808807744,0.17552543519999947,-0.32747900638109545,0.3188638451961982,1.113473236265507,-0.5416424701106779,1.126737010184725,-0.1653691156642615,-0.17188731045245176
DUX4,0.513383843444577,-0.9387164111681017,1.8693160472982047,2.2299544276490715,-1.9455395831897062,-1.291972742298871,0.9854102354705392,-0.915297753152192,-0.3517131290360055,-0.8137828227845267,-0.7346608304887796,0.7484955223747144,-1.0453868244949316,-0.6187698367688154,1.0639189150796344,1.541889586139181,0.3634124402770022,-0.1307985703894019,-0.8175766538170023
E2F1,-0.8861709911039503,1.2295076610432742,-1.10843188832433,0.09795699872234655,0.8201258463044384,0.3221833947579546,-0.7143511837759365,1.5604611369962202,-0.26984958880257265,0.9372053189107846,-0.9401359050044732,-2.2667840838320035,-0.43416780916989417,1.2328375030162921,0.1835126719069465,-2.3694044246272794,-0.7182169655160843,1.073190401014201,0.598898137632286
E2F4,-0.11475081145191494,0.1537570141556192,0.6169504770957268,0.054014929971619045,-1.0786936659944057,-0.03178531478375745,-0.2485870948673124,-0.45638707439908105,0.5382306142208958,-0.7440400018230559,0.060689980363966306,1.0814540508747668,-1.0120939386112295,-0.3345167415449717,-0.7595528242757593,0.5628168432017796,0.886573937362036,1.843522555476913,-1.0460119256485407
E2F6,0.7225260468508078,-0.4733932149903176,-0.9274897096060422,-1.025246351266769,2.08847259568435,1.46211055203757,-0.21781176079114203,1.9806362311821541,0.8395829536343264,2.8121088058606496,1.1195842045410942,-1.6954644360584719,-0.08907119912071025,1.5535482276531543,-1.907940760611641,-1.7671972050990497,-2.170996894950123,-0.15704857299167171,0.3555250689556991
E2F7,-1.1341204757081242,1.9514112454002919,-0.6021510061270072,-0.41372141445328703,-0.11610342014338665,1.3814467435797542,-1.7012712962492815,-1.489848711160335,0.40647743355547267,-1.1132725647996378,0.8468932765552009,0.3129091841703012,0.35698139791615985,-0.6258267215598535,-1.5246401462170587,0.32775593685352417,0.9690326749737654,0.47056420239547647,-0.28427202076534275
EBF1,0.12117009737977673,0.18875625989401917,-0.053229033038230136,1.215684196549909,0.45407145389802067,-1.7613397739530945,-0.5310771944856848,0.531753695181545,-1.6910888364231969,-0.662102918573176,-0.7311183630592286,-0.6041851995671333,-0.07522695540021536,-0.11924188921934911,1.5602327993148055,0.806397486697661,1.7062343561067894,0.6143092814201871,0.24206731492177386
EGR1,0.3373803144191944,0.0033514081271479954,0.9911203042389858,1.5891381927650694,-0.4804100878150343,-0.8430033598878441,0.556056158590361,-0.6997866134790944,-1.892891101681813,-1.7478148402116547,-1.3773993993937053,1.3335886600123583,-0.40444578709728723,-0.04288393362292877,1.4242118059061648,0.0871926390249426,1.5519814626973978,0.6591872192298832,-1.404732552671366
ELF1,-1.4388840943335637,1.0384885469630922,-0.5402822357884379,-0.015376019461018306,-0.06255797991883083,-1.3539232924748776,-0.9539799092160174,-0.3294747053589637,-1.2261945839887631,-0.2723950730075596,-0.8266978052471043,-0.14993843346398003,-0.011739485517940733,-0.2502578653439105,0.6059572664442903,0.4261585475589917,2.4211344823074343,1.7717123993291453,0.14846385510906687
ELF3,-0.8746110356692407,0.08730414827589487,0.6891632930360401,0.5215628956353564,-0.7006861481342194,-0.34348376887808757,0.49544362308858186,-0.4008286037935462,-0.5581925079751706,-0.5494881780539485,-0.39474494350747846,0.24158102859202948,-0.5010876702526139,0.39657706620490607,1.2762798793417087,0.8460493195981824,1.3398100742316301,-0.819532780849946,-1.3628178660775074
ELK1,-0.8705387045958707,2.5452360934325937,-0.7297995706328791,2.393602929892017,-0.21826782470006048,-2.259331956621413,0.17236388331745822,-2.3359857293312825,-0.5531958435070067,-1.8666672343936392,-1.6391673475132238,-1.0261804623329265,0.10513626172750934,-2.7690824775058775,1.962472553360894,1.1840019937301298,1.6911501776998363,0.6009714703029799,0.5051103667435808
EOMES,0.9784213226218685,0.3779305695402616,-0.47762390530868204,-0.28885266969772233,2.2550566577336,-1.1878370932917508,-1.3285931720904305,-0.8467427948890707,-0.9516532214134098,1.0240729417181766,0.587687500435347,-1.2376365730103283,1.8998594893279421,-0.9448671928303394,-1.017294334531601,0.09154609093134042,1.1380678761276848,-0.6804494407241786,2.578715252551501
ESR1,-1.3052150109237313,-0.5770493555644237,0.23824662464517563,2.3085219190372537,-1.566891881044199,-0.19742186126810565,0.5374262010230648,-1.579412679881641,0.8230069684214898,-0.4755412516326253,0.5060752220210157,0.7359595023077065,0.2421799214900519,-1.4959175113481393,2.8205968764833753,1.2798761804747312,0.3383977408742307,-2.0674572544069214,-1.3954110637603794
ESRRA,1.7956685737661011,-1.6825903067244943,-0.7366580540094817,-0.522905641842495,0.18155975676718825,0.7487896766129309,-0.46382726856730533,0.7752312281428911,0.4318859737020542,0.31574923399515786,-0.2598131699459415,-0.3290168907785844,2.2211839741203505,-0.8506105315372898,0.2844827528629499,0.6438784140722812,-2.6091923872720075,-2.096390210929845,2.005198232824737
ETS1,1.564155570594942,-0.6815784328222919,-0.029527131339337216,-0.05372592826374639,0.9243385636742706,-0.9864409831072661,0.9611295513634692,-0.7672781886962412,-1.0791616978711176,-0.12050242105981052,-0.2571398039727312,0.24266074557607448,0.8509646078391703,-0.30549204670959473,-0.1928018484838186,-0.3509912096648339,0.6604757066945446,0.41890782260088544,1.0364254182182109
ETV1,1.1931554544412515,0.23220916149562448,-0.9568303490938792,-0.12141137114153512,1.949527766591974,-0.3285431708149167,-0.7087932945446267,2.091044614069294,-1.5655277848594276,0.18487930349808987,0.08229452827999942,-2.192224274055354,1.580692857480176,1.2134879278257535,-0.21737988322625654,-0.939627365619122,-0.021240248301452908,-0.052726514697100886,0.651851394459724
FOS,1.6196696353967919,0.034754763728059954,-0.7377230424361543,-1.4523700730246614,0.3368960636929803,-0.5272036489340086,-0.8517935624615574,-0.3617978007212737,0.3983660685111459,0.7913187647018362,0.16404811174270356,-0.642239495097643,0.3157415115762906,-0.15929576599788936,0.2515843144228651,0.3655943625152774,-0.30127420015465306,0.4932387111025765,0.16721155299860643
FOXJ2,-1.1638674081980789,-0.8389335871978739,-1.052254380374555,-0.024791033715846737,0.5360706251623615,-1.1413501082790125,-0.8123380930681623,-0.5709094374881062,1.089894556398817,0.30399050897393115,0.20392687289580408,0.15931923609197784,0.7002461698343333,-0.46287878939594285,-0.3155692591135786,0.4760403670482383,1.3358640685637286,1.0501242862104583,0.47986520349263534
FOXK2,-0.707381606657983,1.7255648255675184,0.4854599908734029,1.0965535063591103,-0.42951912451666446,-1.596915556657968,-0.35841762432384644,-1.3347030474972312,-0.8742221103648391,-2.0780717986821697,-0.6939008322877488,0.9672440571604832,0.3503460150565927,-1.6735526929023121,0.7916387936628357,0.7891547371515882,0.704528709714595,0.554650272334419,0.17110504042709698
FOXO1,2.4341379916342016,-1.3467143424884551,0.1574228390168979,1.4622395575119642,-1.0043294104110827,-0.407209663161298,-0.609525811172438,0.41765785242316955,1.9554154884730914,1.2702778880895675,1.043837620231518,-1.510091029764185,0.10442255559530281,0.57610625434235,-1.1657428846750464,-1.7178679121461375,-0.2664327033756762,-0.02804754547129958,-0.08468811974145793
FOXO3,0.10125137454604416,-0.3166564902386635,0.7179605709149399,2.5689181951816518,-1.2840390788931961,-1.3719374630834973,2.0158107089416717,-0.7137438438448069,-0.16553884842241448,-0.5014252276185527,-0.7839852358759931,-0.41442054738946754,0.23238344440436232,-1.0329031327092861,-0.4200959377624279,-0.23372058381590458,0.07081185986735772,1.1538718362441538,-1.0668208420223777
FOXP1,0.1513698726155893,1.421342009710296,-1.7581154881029801,-1.1451510137007967,0.9524726453514172,1.9181165823293782,-0.7290841144325803,0.4779755618595166,1.5732164871821688,1.3509825016247923,1.1434821804750057,-0.4622036125494581,1.9871172720164536,0.18742801860995656,-2.56179576610892,-0.7911246103710298,-3.036624935096959,-1.6882907289856244,0.7910104014346373
FOXP2,0.540223863095253,0.33406537988339485,-1.5764809464267966,-0.9721962287202952,0.6271661813429273,0.2378721739977858,-1.0733806499001621,1.12318039527526,0.7980867401072888,0.8771870649580288,1.019864798072251,-0.2809766009132136,0.7387349920562667,0.9384669283761058,-1.176517246460061,-1.6250610042520637,-1.636418901376181,-0.4246695060506132,1.1067004599552333
GABPA,-0.3460834455912484,0.20118883511937308,0.5650260962852659,0.998876448314252,0.27705649170830554,-0.8644769527230728,-0.8852739017639715,-0.4074201700848001,-1.8788461415427615,-1.5977819696207607,0.12463351847736223,-0.5641316701160611,0.6420941226759527,-1.017470371060356,0.2711697976086788,0.6012068536525802,1.5271539989433747,1.113635855310257,0.39331808944300645
GATA2,-0.11194075835786925,-0.541242592556848,-0.3175476684588632,0.01794568009891597,0.3059104848367249,-0.5372693633349284,-0.2218589149462338,1.095984990584748,1.3815927099446261,1.1161394133245004,1.977642881640947,-0.9023391299824892,0.2213134041970498,0.9228797314730277,0.0638034632719588,-0.39864122020115844,-0.6400169638992904,-0.31749339840498536,-0.9792089000593563
GATA3,-0.29608716375345273,-0.9153199542911905,0.9594459015050708,0.9688858668291458,0.07261776370821614,-1.3425260345611283,0.5076617935096026,0.17881606005936052,-0.0860859339565064,-0.10691041353815532,0.8826089684780873,0.5852008283578674,-0.975797535373003,0.4936581133714539,0.6850496245492647,0.30533420165385877,-0.9139508512531302,-1.0673271962831485,-0.7457808546747229
GATA6,-0.6576748015892635,-1.595114815075865,1.136488523037294,1.30127975734389,0.28787013382688464,-0.132672514612921,0.6327471821876353,-0.3039530377651261,-0.931293901991862,0.19964222065396076,-0.3527926005734297,-0.6722326667896159,-0.20152217283680326,-0.30973150118795184,0.2744636106628988,-0.19492573950094547,1.2779090110191416,0.17908440414076257,-0.15959554017917804
GRHL2,0.141550670995748,0.14969316198408358,1.117033244342023,-0.003818380384980128,-1.5014867567324408,-1.214654552569227,0.773555995140278,-0.27818408382633897,-0.039982566149419745,-0.5761595816213613,-1.856331390868814,1.4192380152424124,-0.6692044856989455,-0.6703344622717857,1.5671196889403118,1.4380869684065747,0.6281312291211297,-0.6001650399905462,-0.5576815192865596
HBP1,-0.41373545348314916,-0.19513178269373382,1.8620262741318978,0.6884066221631179,-0.5820047552690556,-0.05454331479074196,0.9106426951125686,0.6819789528293221,-0.7824966181724416,-0.2733631163173645,-1.643856289952659,1.4599750635196973,-1.9685921145649223,1.099140856231358,1.7052117658535304,1.5272292759456672,-1.024820314852588,-1.559105671570197,-1.6409515185737733
HIF1A,-1.8761994078794593,3.916677169935909,-0.45010275803842104,2.3273269071144336,-2.756456602634132,-0.7628830646154561,2.3100347458332466,-3.0510695585252545,-1.7399619816352483,-2.4427184834294398,-3.459509841848038,0.9713671617602925,-3.1561268425132694,-3.109621839551703,0.48087382231113607,1.6360903996667937,2.42013514218249,4.281911149591896,-3.5253777465905247
HMBOX1,0.27852367007798473,0.05882201907237919,-1.707712105971485,-1.0959865044238446,1.90054270531181,1.331666100110816,-1.0346676013557279,1.6004562928501656,1.777930741059203,0.25608809230835905,2.453021644666829,-0.2943216379869169,1.4628484219743871,1.7493669330087487,-1.6330665010600312,-1.6106733206165826,-2.6943826765212124,-1.8285062810841672,0.8804775756069029
HNF1A,0.05662881088165783,-0.0687536865881826,-0.2833637822495099,1.1729322570067038,-0.8514472885295897,0.6817170176819373,1.03497937585486,0.32008936427062584,0.27039237235219044,0.5773539607471649,0.5338561947814667,-0.915746167726179,-0.5984373308115065,1.3766825594509329,-2.27192234734448,-1.5465310031173833,1.5913793476583031,1.3992461167396237,-2.7939952024003896
HNF1B,1.120338798106067,0.07686867108539246,-0.3171155211657498,-0.21480598370127563,0.5266738724858661,-0.4606920429840916,-0.7094159447714903,1.5526542326917447,1.090744436224356,0.7172290050388226,0.16689884296498642,-1.5085851694523151,0.023679041363427415,0.45511281114485297,-1.6575674562405942,-0.7725209991876745,-1.1272758677234072,-0.22926210744253459,0.9896943242033001
HNF4A,0.4455068375026434,1.1706771779109157,0.9681560253405295,2.3237481008915024,-0.4001778142732284,-0.8151403967266977,2.459212587816456,0.7985227196063024,-1.7493236159652699,1.8605765392808662,0.2647490573448469,-2.3988555308158146,-1.4568049019534857,1.9639387365292678,-3.122482561063151,-2.159911202140652,1.4597338540062048,-0.1423596128601961,-2.254294589340965
HNF4G,-0.6370025808517654,1.7838440356333627,0.8528648283477908,1.7358725894158964,-0.43077481958994285,-1.5532149957641979,2.1135995758642565,0.2983681617330225,-0.21369112835652643,-0.05932107605564595,-0.4417182397494459,-0.240434968336333,-0.8347045948123485,-0.5192433760940769,1.5605471474676105,0.5461077995982169,-0.39177017023097316,-4.010201016594461,-0.5376488738116416
HOXB13,-0.21721404392984037,-0.9550577574821174,0.7920180058257038,1.0397598379821402,1.417068802836476,-0.5003674047402618,0.2240858503576162,-0.903474578572917,-0.6601020635003962,-0.5456874303385121,0.21423535425235715,-1.2009012454510353,0.49127251581413633,-0.7773446930382069,0.4894867838916182,0.08817829519658463,1.3460984548269408,-0.8978822679156562,0.5692259838541501
HSF1,-2.7994140974198127,3.250621103207389,0.6045834014392472,0.207434693751157,-1.5884730959098392,-1.251089441310572,0.8231065706867904,-1.9819617815037036,0.5494779386872877,-1.701866336926143,-0.7163552622831912,2.370096909401887,-2.2805865460360826,-2.060503971592686,1.493675238438251,0.8948933255540222,0.9144201565810041,0.3214563174595614,-1.3929508813267375
IKZF1,-1.8734269969319428,0.8303168931508859,0.5036840201812748,1.1875077708329014,-1.3295405913985818,-0.5726259467744389,-0.5201258449625461,-0.41677159641752654,-0.8137154512689211,-1.3768589399704996,0.2817410341645459,1.4752484475548342,-1.844248904127807,-0.995669415504419,1.3827825551018884,0.8351635711360049,1.815205856554087,0.021579410650770806,-0.6891158767916473
IRF2,-1.5287952541299277,0.4539885491430023,2.2669806466762017,2.0294957598308394,-1.5759132457198475,-2.293434299512737,-0.41781343109042285,-0.19055153778637085,-1.558619106996678,-1.490443393872593,-1.09218411215536,-0.39218664749459875,-1.696083953278272,0.05644405190761816,1.4407532227149746,1.4042314810459164,2.020646548912712,0.7158074733762921,-0.3273032864762194
IRF3,-0.35070411105596044,0.8142076388576853,0.5625750706733262,0.5807521759675833,-0.6369570073299731,0.1679914620650238,-0.4719169099938017,0.3296216359816671,1.1033452078147543,1.3382675981921635,2.660876035020801,-0.8003217924175107,-1.2426923306283268,0.5014227794114594,0.7891267400387574,0.28888370395304735,-0.6350862184096107,-1.6845567899324683,-0.938025512736596
IRF4,-1.9385171621704858,1.30795423167058,2.177121550037705,1.7932358831702928,-2.7055824164366893,-1.033126041242668,1.1999981284855445,-1.5710539223488935,-0.9134594046327557,-1.7592867450923464,-1.7744813996168278,0.35337587570350854,-2.096891594890413,-1.6664328453617367,1.1928389490443243,1.3127573417437501,3.09862027075999,2.492183728301742,-1.4220549548611068
JUN,-0.3054317365667622,1.8200481723704862,-0.6022731509543447,-0.425355055004755,0.5485168584876744,-0.6405024238308606,0.37708505894762867,-1.8418232792024236,-1.3604097833631665,-1.536129830315475,-0.3723618236055027,0.1749524320381229,-0.133798130944417,0.02225506387180968,0.4856316648216172,0.2896512862534894,1.0364554745693193,0.791160295935825,-0.41851142021462273
JUNB,0.5010633938362561,1.5610838938575593,0.48107124309592264,1.4643988388951878,-0.30361929958686434,-0.9308255401944617,-0.2152374825884533,-2.594981131520299,-1.133268515672212,-2.4096803485471603,-2.0718950577961617,-0.20026414889997313,-0.04560139393991069,-1.6915904432103657,2.298596327716822,0.9590094601454359,1.5609978630693606,0.16706921084831344,0.1030218288283594
KLF1,-0.6004015604362398,0.3726178669089549,0.9073441246325656,1.422365079910575,1.5573068969845518,-1.1602222667536501,-2.09197741961539,-0.5098369814377196,-1.1113828171848932,-0.7364255235445695,0.46963072048245114,-0.5894318098916521,1.9513491191485868,-0.5550315103775101,0.1450787549222068,-0.650021837271766,0.546961748941108,-0.6824333181177306,1.8967858740380017
KLF13,1.0092019602834983,0.43109951536675856,-1.8363211496542058,-0.732206833474973,0.2787260609719631,-0.889969093740173,0.6766650566100523,0.4931963354735658,-0.43595909446644476,0.4589815242354193,-1.6436864272309442,0.7816663179990253,-0.8835322058971776,0.3826144872213558,-1.4401487190268272,0.2055789981830286,1.5804775480960258,2.016033254901256,-1.5871051030598868
KLF5,0.744772309382977,0.16122882821347093,1.270283568251202,0.4895290286205727,-0.26791508968411004,-0.7542973232077571,0.5674059628748717,-1.2043927764437654,-1.1153964769837892,-2.5592541503489072,-2.056454974547311,1.1880444446874887,1.4689467848576598,-2.477220959115729,1.682172407521664,0.8218817525781378,0.6665292188994296,-1.0763410075434028,0.4049335774423094
KLF6,0.8910195686997753,-0.02852136838865871,-0.7697327954477112,-0.36459962754555414,1.6454306833138446,0.981865085979357,-0.4306109335996588,-1.910279694708958,-0.05603685528009039,-0.7057010343218802,-0.2701948885261825,-1.1927219951899581,1.8313560412489394,-2.0461858751496598,-0.0068606889262050365,-0.10203349257041382,0.17421841065848898,0.5239530752224212,1.0008989822796488
KLF9,0.08382148051401755,1.1000353257659239,0.6581405464510437,1.1339695476732368,2.2013123521032254,-0.3566402027436761,-0.6638891745592898,-1.509162423521516,-0.5523470772783312,-0.7535255438722135,0.7984367234359403,-1.2626436386093116,1.6802699355025543,-0.9403717253264693,0.9418137651460294,-0.9766325878954806,-0.4354959840004091,-2.3717807610364607,0.9514391679329334
KMT2A,0.8434053963639906,0.3103720013783578,1.3367767888190394,-0.37364049676411076,0.6271159629655336,-1.8941163721059884,0.24328172091319136,-1.5541328552080438,-1.0322645602278373,0.5085389710413841,-1.4498614196785347,-1.3398446568989857,1.6248149469837596,-2.318335156231035,1.2931916730743762,-0.08733133770768324,2.9366441137416124,-0.47147331930832737,2.166374598498572
LYL1,-0.6513903535004021,0.5148822046986683,-0.1285201012084054,-0.40200136081972165,0.4901086232505991,0.4157451244721905,-1.3568915877146135,-0.5596762920928278,0.40766053297186844,0.128053217277785,0.25543158087544937,1.0788306735234834,-0.655504894439804,-0.23962464068021755,1.1044314620582725,0.49755493191675637,0.2671019038691277,-1.860371449295905,0.3332519206409371
MAF,-1.3696420984523956,0.03957309687093534,1.4926444924183955,1.4910745345854712,-1.17641057107976,0.4246979278359747,0.13539170474855086,-0.17915436291535086,-1.1186043382461803,-1.3480142337253498,-0.400140299578648,1.2423400743216093,-0.6748992998220387,-0.4254836368504788,1.883321556824347,1.9669487956032632,0.2944520547694325,-1.2495324831456136,-0.3440328530589246
MAFB,-0.003592661116849416,0.19238428703321198,1.1823321952502093,1.2133807919443247,1.1054101682255548,-1.5166701373905132,-0.4449466762457804,-0.6466738293172793,-1.1698199097666144,-0.9804664613853608,-0.039723313037264174,-2.0767346562809452,0.3045986141803451,0.04937038628866103,1.1015632176763672,0.371913088861292,2.0441595312700773,-0.9772785904404744,0.5501720936098959
MAFF,0.48852929051470495,0.6123932817200912,0.4999176209868534,1.4098441665503674,0.04095530972013436,0.07777157693583953,-0.1550431067086943,-1.4377291311863953,-0.2724319009975026,-0.973621629135822,-1.097327139122108,-1.086391171849832,-0.4997958909654246,-0.7415674478127942,0.9144072821084638,-0.05050820896219535,0.6998129719127193,0.6878197993183299,0.34570825671664285
MAFG,0.9776874256731297,-0.7826442073247726,2.208619333809834,2.587728992639181,-0.36722065139795057,-0.05797219529764629,-0.024827781847144705,-0.448164644115902,0.25874204818195845,-1.077311459780958,-0.7638606334384772,-1.3512791747099286,-0.046663260478378155,0.04046596402780984,1.9819267864073211,0.08771308831621481,-1.8332790062130568,-2.1755429996759013,-0.1118380306345843
MAFK,0.7015737394604898,-0.4008586347887856,1.645135857984889,1.5298060260032644,-0.48278146657559917,-0.28829227208854447,0.029194205012047194,-0.20536835380093257,0.17006966068826446,0.06336921075815888,-0.45117484207143416,-1.0734892757450103,-0.2030788728990659,0.15625252341371987,1.2842632981851325,0.0567638695292832,-0.9159502530787358,-1.6685715387194786,-0.39027895204795127
MAX,-1.5437507384850009,0.5182550724179785,0.7531296408413128,1.3408271537008998,-1.5380988368045534,-0.1357632058733353,0.3686498926802518,-0.6310960358854061,0.17610118890757856,-0.7046876644437902,0.41548933917368236,0.7762376911318981,-0.4383473565222002,-1.033221582556898,2.4567548188228696,2.1743894502884102,-0.6063070614088024,-2.196450622527989,-0.9867049145798211
MAZ,-0.07773769478205075,0.6536920605001402,1.1447875126043876,1.11959405515865,0.37217094280796836,-0.6409702644543517,-0.21086203272379397,-0.2986488568507315,-0.36758448013005474,-0.6088069504165559,2.3200763979408165,-0.5637548645955941,1.5402086258954975,-0.3573052992744798,1.2741541383937713,-0.19142615371295119,-1.2787037929329141,-3.204452866906961,0.1242457802678359
MBD1,-0.1774725169913264,-0.38830250984755155,0.16021482792382957,-0.19683615158915785,0.0896888115687035,-0.5970635760258759,0.9314486257215887,-0.08380007721938466,-1.5529211354668968,0.6168283697665817,-0.1814439843872221,2.3343000796675146,-0.749812483073255,0.5826279306771601,-0.525016200778667,0.22615392339400464,0.27363784438872085,0.5095955093489143,-1.0335617217707855
MEF2A,-0.8093839425855769,-0.19128432364305,1.4824360740816216,1.6326363172191996,-0.899750187535038,-1.4538931427218649,1.5660868645522166,-1.6811015086249836,-0.782409256124872,-1.3134380090334405,-1.9173399530360014,-0.1424419131336966,-1.0530297753974929,-2.3195609138428384,2.720267132680732,1.634531577194715,2.0831068619774866,1.3773828103432442,-0.5458936629154609
MEF2C,-1.8426699852213735,1.1511763593916868,0.3000089677488548,1.0246294946411936,-1.0210594999300986,-2.2699836421919906,-0.35357412980479214,-0.05904437760265214,-0.051999006708193934,-0.37079026810835497,0.927407774511618,0.004254684874009545,-1.4908501221475563,-0.46619844384845927,1.2300702359007678,0.2647483925172049,0.9276027163379913,1.1837282157363043,-0.3204165838479146
MEIS2,-0.5669471240986741,1.0627133122985588,-1.3871866474701984,-0.6419317109362463,-0.24484938074274495,0.3169004316949506,-1.4250901474878683,-0.4257602686389171,0.4628541993398438,-0.5590392497010669,0.21333020415521076,1.5270092998835652,0.7172565532428223,-1.0955632363749477,0.27517414410995467,0.005494049146464033,0.4500292474449992,-0.2573100459077393,1.0676512179046356
MIER1,-1.7599722943309997,1.3124638567634523,-0.181462282878479,0.12289449396740694,-1.136719423625999,-0.7333203682844678,-0.0790137088425038,-0.5938469864022984,-0.12994174488570712,-0.914102122760317,0.3158990432777719,2.2226521937353914,-1.9889544223584208,-0.7486124391875849,0.7968831251580256,1.2182983031114658,1.5867908958204067,1.8243415729550683,-1.1502033960525266
MNT,0.19911664042027438,-0.36624912580419633,-0.7678780235748756,-1.7491221929924003,-0.18914424450270095,1.183148285873271,-0.13793576428413912,1.0425537219680299,-0.010299666805243241,0.8236074336853374,-0.596252203303538,1.1559572732784513,-1.4564371445545337,1.005391057808805,-2.211640736910994,-0.1422740946172853,1.7216347743068365,2.394550745971676,-0.9828347535905827
MTA1,0.238699714656465,-0.9015455028890862,-0.8740426322959229,-0.947125695988441,1.1074525363599328,1.87046460481128,-1.2350995687306716,0.3106932337111137,1.2155668434561087,1.7434463695817661,2.5436907584405835,-1.0032626708212398,0.8705885612296146,1.4545339284215364,-0.7038655073603909,-0.4482265330808842,-1.5187524272683357,-1.775275720885522,0.5265480366802255
MTA2,0.36134552608318166,1.4183913698413404,0.7697532945845091,1.3264811476039629,-0.7743568063303504,-0.6921834753762293,0.5012602773702862,0.4851814756322934,-1.8016994745923904,-1.4794009617314996,-0.2874965021011748,0.7746655740820236,1.4377941599826325,-1.5569984863311634,0.39341095055432523,0.039030152483238725,-1.513835954235293,-0.2326323277199719,0.11284324022752433
MXI1,-0.7378296148573499,-0.16198641943574096,-0.973668368944345,-1.39505613664729,-0.24542522117081417,1.7952087649871318,0.34312821568779694,-0.6401242561655537,1.5939310114168461,0.6208639210393064,0.1742643052146031,1.0886977791309427,-0.483225963817384,-0.356323480355073,-1.5115890189746095,-0.29963028816228154,0.6776075256592746,0.9044171020481219,-0.7042013933772938
MYB,-0.3091199952499479,-0.1327914900869701,1.9474118112057859,1.5611237615114897,-1.025486035570576,0.5713738584995209,1.542752161468694,-0.8979876109500676,-1.300987317768231,-0.287272187143694,0.7359790010516506,-0.14740521924206593,-0.7014472074653215,-1.4604697602417658,0.21842932204363916,-1.1056203908171576,1.073183872897277,0.1348787442883236,-1.0031402452620357
MYBL2,-1.3688909272378673,1.8592705136842225,2.813256458550483,0.7624540637302123,-1.0653674127997363,-1.2370587091107235,0.9592749810077298,-1.9184867138181056,-1.306010280970651,-1.539223271494392,0.04556731246907882,0.3818934340702278,-1.5873980042196458,-2.1199308772156034,1.1213927788311502,0.39542622218503554,1.3626967291707985,1.1236376346548405,-0.5271872511158348
MYC,-0.09064127163882858,2.2858131306019023,0.17657646008210942,-0.7444226350259238,0.6065643173294076,-0.7685112314727947,1.1149222350183878,-1.2427982875258856,-0.22851500259397503,-0.6127294066842702,-0.6376823692153838,1.5731689158249436,-0.34203988670639623,-0.6166528795508972,-2.063262584018705,-0.38303144756719654,-2.46866824123064,1.0643714148815366,0.9813678424229878
NANOG,-0.6514802832914902,-0.8409312632985378,0.7337618938119063,0.504270354629157,-0.38676698595308734,-0.7984381675478389,1.0664140444718242,-1.7464548060159029,-0.05712201809251928,-0.9006294971503771,-0.22045340302556105,1.9940427771762832,-0.053334627590682825,-1.7776946363001545,0.824089295249092,0.7596203005005052,1.3491191137919936,1.1228444402247677,-0.768185142891626
NCOA1,-0.4263033324772333,0.3607295022882938,-0.02581830050081645,-0.6303313459679414,-0.7553998425978165,-2.1889274912232652,1.4777701300556014,-0.8619337580589818,0.059020672702215726,-1.3961642417475018,-2.109187624943087,1.669587816893002,-0.51614031007428,-1.3057838577405219,1.4942258123470564,2.0777310872428996,1.2570824560494098,0.35064838832893347,-0.3463453862056538
NCOA2,-1.1211732533268541,-0.11350205636493324,0.5728539722402989,1.1853648006897162,-0.35607422980942394,-1.0071729516198207,0.2306514477624624,-0.39527646056505295,-0.46485462946311146,-0.8544749265208352,-0.030641665485084735,-0.5526726091998482,-0.7688800453629836,-1.0313893220459178,2.235062475310964,1.2432993190353305,1.968264818229778,-0.11494645659248418,-1.083226010175598
NCOA3,-0.8738557198109153,0.8952380962806579,1.0694677699368826,1.1310175488216399,-1.3586920219645169,-2.2421923655888416,2.1755460199656107,-0.7691956889844319,-0.7899501721891448,-0.7189317554386627,-1.478368034035909,0.7949756523633884,-0.9307498136736367,-1.5906212474093857,2.3312729762089544,1.5505414516930176,1.5462230861859114,0.2270075352899863,-0.5424882614997248
NCOR1,0.6599710770940634,0.5372403496418893,-0.9013930546298543,-0.9994525769164162,1.3082823016943683,1.0138163567389085,-1.195330861459194,0.4667577857546984,1.4058362597378713,2.49880435565556,1.016309449538143,-0.34901475945352495,0.9501940511939595,1.9012855375876203,-1.1268289816561003,-0.9014403343435078,-1.8102102324768727,-2.572226304056525,0.41605259252135346
NCOR2,0.8435025725908591,-0.619766373887084,-2.858063312259639,-2.543571854825587,1.0997997910698274,0.976741767820879,-1.3262109327402607,2.5069770023560016,1.6190490788151743,2.6514478255099885,2.076687036543592,-0.7834983772519747,0.3403616689759406,2.5152150519424197,-2.9891617301397346,-1.554359133611929,-0.9282761123196066,-0.15548533338514348,0.6725226859474388
NEUROD1,-0.8563082216786323,0.6592804266908535,-0.2616347462335912,0.17035477449154957,0.4479031900271632,0.8555200902740606,-1.109641675312308,-1.5915772875755831,0.3068088182327413,0.6479330300646501,1.9170097161910933,-0.8103191041741817,0.6767254653115565,-0.4080236697171455,0.10543707338554041,-0.2841067740596607,-0.09297236475972613,-0.9066520965370305,0.018617848811590065
NFATC1,-0.8588178024366515,-0.217850598698368,0.9671322279338282,1.1935429175490448,-0.3735103511390775,-0.8335197303567701,0.47839066920657747,-1.5081435137444688,-1.226580897803383,-1.2425922956268571,-0.5777664343433644,0.8871784124509554,-0.7974423758376483,-0.43451384436230633,0.3403407110215128,0.7195203077380535,1.0716006407641423,1.4571277288868825,-0.5655586380135516
NFE2,-1.0658393318463915,1.7714550048222522,2.3161718281816204,1.6340779110236858,-1.2854191661542704,-1.2894724238059647,1.8428426909553832,-1.8021770944851736,-1.374269743737323,-1.8459237161940627,-1.5573418162654553,0.8333196288342262,-1.640584411944913,-1.9768702439118477,1.5142250680398144,1.1377017290277593,0.4047663229690298,0.277772196953023,0.004985175058817949
NFE2L1,-2.2057973304714866,1.2510856699381792,2.096805991377348,1.2508052728940489,-1.4383426092066538,-0.34072428414559003,1.1405768075694853,-0.8597532457068258,0.21290424345596706,-1.5982941549691585,-1.8559636811640337,0.021943194839584443,-1.7804164196643035,-1.5600874014861454,0.9815245796805416,1.580076460671234,1.2022798255382239,0.7082834689160745,-1.8037005327519466
NFIC,2.0493921538117212,1.1534817871376817,-0.03633341220728236,2.384810338325672,0.9184820342918195,-2.1722117661044216,-1.157690049417824,-0.15433467968814066,-1.295184365190859,-1.1374365867436,-0.04842918828921387,-0.8572115557337987,0.9970492511197044,-0.5974525626940077,0.5417836123562983,-0.12946905831485697,-0.9230291105436269,-0.3830336015766296,0.3012887885821881
NFKB1,-0.023270770878208186,0.7722418456156698,-1.9526528008552406,-0.5886107947527341,-1.3327405806017154,-0.6950153594825855,-0.09908492494015464,-0.5034508376086689,0.25725337925613495,-0.48044235685868136,-1.2139115388079185,0.23124943104188106,-0.5317561032627117,-0.3434689011928055,0.9997530026626773,0.44653886800523873,2.379422400970542,-0.1866318205560835,0.1993489051682584
NFKB2,-2.0848717268695567,-0.48334154486698266,1.6919685274622298,0.12226980754666744,0.6921995929324558,0.5996787806616025,0.7848597540821819,1.4753195515259279,-0.6968178410413846,-0.17263116824734917,-0.021845275975011208,-1.0908485474861234,-1.3886314879313595,1.9237159783051003,-0.3707894947045063,-0.6806691922935747,0.40609153366848305,-0.0839136547318247,0.9422667152763373
NFYA,2.2930656817192485,-0.7483761096650355,-0.6798514911291049,-0.414828942197064,1.0629108016011937,-0.0410737635579605,-1.5684559586310585,0.2774560743180718,-0.19176007748525775,0.0961833838426424,0.28545959223306244,-1.4490910369667762,0.5853063429437362,0.014145004714938592,-1.3403668320182596,-0.2932074385673114,-0.5616536181925798,0.8931477690024741,1.176654862404029
NFYB,-0.5289260771401497,1.079042804597972,-0.18337493277975153,1.0106259301168825,-0.7372871421159181,0.556862763583297,0.3439887330605228,-0.6799316324423254,0.3028860428890757,-0.9465882204854184,-0.5965595894295842,0.6500841005793118,-1.0251923722767282,-1.7031023935035652,0.22081793230004038,0.0991112038339844,0.6888702976477411,0.6603860677061021,-0.5753364803524667
NONO,-0.8223083018675216,-0.023261409218402102,1.8083146255487348,1.0734195472795844,-0.6698881810022629,-0.41573481788084865,-0.8392679128547073,0.35213374752882365,0.9297314352273292,-0.059748282278660844,1.0981199686945609,-1.0279489868222258,-0.17305620693722432,-0.44828486938351453,1.6104501537260818,0.12979822761148652,-0.8117534853216858,-2.019994241423345,0.7470628653139628
NR2C2,1.0662454124083434,-0.18628848829280678,-0.44972870404655274,-0.025466816117172192,0.23368414996974388,-1.3263506717400162,-0.29178964585166356,-0.13930408798336544,-0.548789306096836,-0.7102958887674912,-0.09167430449817908,-0.2855934410748231,1.1002034635037918,-0.411166254048964,0.7348397423256439,-0.32265922226852206,-0.16482048977903574,-0.9824021467296714,1.4804266578674143
NR2F1,-1.3159385573077198,0.15768129999018224,0.27805133085182493,0.17007150784943034,-1.3127971042076403,-1.2734064015068152,0.27413883727757693,-0.6966434647051402,0.5035746390978129,-1.3545297677329025,-0.03124959094363442,2.2129823527513763,-0.6897601096841184,-1.2110094066364225,4.006948957092907,2.5104012901771227,-0.4441939642003267,-2.465686855774834,0.30475055084335984
NR2F2,-1.6342493667975806,0.4858817562654603,0.13697749847884227,0.9884179916904638,-0.5339476066611399,0.5535458078466534,1.6902005351285714,-0.7457094463331295,0.027547748841859326,-0.8243825932033326,-1.2782372871414929,-0.4995333182589517,-1.1503196837613754,-0.9737933914466613,0.7727563012661856,0.47939019758685775,2.1644160264346546,-0.2857357917090725,-0.6419517744269235
NR2F6,2.1122557952924352,-1.4111436729726035,-0.39817916326352687,-1.140450138110151,1.538581282921159,1.2158543066340872,-1.6999132475184249,-0.24305876232847456,0.5309238990854503,-0.1361304711705965,-0.4699880861031331,-0.6137920459640686,0.2955852664471563,0.22360302061770182,-1.6381000369367602,-1.6546122203197626,-0.6050889645400747,3.534755560145991,0.5401347725710631
NR4A1,2.7379471566331817,1.2376080570826913,0.06993196695356549,1.873962096470285,0.4791112795488031,-1.2882043965568002,-0.36109509943271456,-0.4346403862974535,-1.2442580830789507,-1.2606363059623988,-1.784195087486624,-1.4487520655166595,0.21116737798939453,-0.08053439317934906,0.7346636950750436,-0.7268222880512754,-1.3120611755421507,-1.76041500329442,2.116870246256149
NRF1,-0.4736742658418529,-0.06818041426972953,0.24400304933516576,0.8649136291903853,0.2626106168123076,0.8094216444145017,-0.09113755117895021,-0.22616207890492182,0.3855376807480078,-0.35945274452163445,1.2225005524556152,-1.226035368135311,-0.2914200965103352,0.5272078819135851,-0.8207712465822734,-0.018895990077710485,-0.29867042781355646,-0.24370093620692576,0.06173743163241422
ONECUT1,-1.3993778685645466,1.0213141368751038,-0.47865033888140446,0.21034845906436803,1.4851487567059272,-1.906011471197693,0.7310484067416873,-1.4638789835201753,-1.7898594249709618,-0.7601062632480935,-1.613392774361919,0.21276749020731953,0.26871487930735943,-1.5316240117304316,0.23786374305918886,1.2303869114767145,3.1710706362563994,-0.08349424218612764,1.2463933114220125
PAX5,-0.960267766005617,-0.6195104780007669,0.10946831379254976,0.8107258156188183,1.657157130299816,-0.08731895671799171,-1.0651028649849554,-0.4275465857603232,-0.5850303458893675,-1.0035341646282677e-4,1.5219713574809028,-1.6689668262590185,0.31993120530557956,1.205018971895459,0.5845719240015345,0.25198443051047353,-0.15876952248347176,-1.6597092428146472,1.2792072671439623
PBX2,1.1838847960183592,0.17567107730185405,0.035319544956244266,0.24361168202228392,0.5156857972845452,-1.000206246819873,-0.0022965288976284646,-0.5767806529699633,-0.33623200408632414,-1.0335591613047346,-0.5076776589957867,-1.0202861951047524,1.350809488732782,-0.7998962499635778,0.5415778763392445,-0.28550472076522193,-0.28165513640696055,-0.5483653043565173,2.252718778862397
PBX3,-1.6157131320410612,1.1249206503269407,-0.5043011675276973,0.057903458583052986,1.4546267846185243,0.4848516475584418,-1.4271354503016096,-1.3267224697861464,-0.14125994844716502,-0.8824756763700127,0.7092623396759343,-1.0850122831829956,0.7237701876821534,-0.8636064996614042,-1.0307157374191631,0.46873510776143273,1.2660135927577398,-0.437463085525191,1.6079399882143222
PDX1,-0.8743770560057504,0.3139520368394463,1.6318953546100285,1.211819455017332,-0.9764999129395558,-1.0621879976125082,1.6893782248347782,-1.5379396828871827,-0.5857872353587812,-0.4899802131248234,-0.5891200818452679,0.32081290951179636,-0.5962400264031225,-1.3097113587954352,2.1327134746593543,0.47964984203318495,0.6941017035771133,0.10527656288157085,-0.5141011651593919
PKNOX1,-2.0338290143967837,1.1877644545551223,2.0197832851463007,2.4076377207501514,-2.113125385333432,-0.5674693268707267,2.430551798585405,-1.8086416310479771,-1.2689603302803878,-2.3193273995071646,-1.3068837283014172,-0.034333431777441,-2.5862591647534234,-1.5093068176497277,1.892263555526425,1.8710523500407115,2.0414804300913914,1.9679860055858382,-1.5994308831106474
POU2F2,-1.3199536220352666,1.7799774844570273,2.410822490224507,2.8325169177622596,-1.50962495292894,-2.0613253237069675,1.3795519027866174,-2.9584730605233576,-2.452076191590729,-3.1696243961185266,-3.2465733293275543,1.4007513210687288,-1.4143711179794505,-2.7704915917583666,2.6377622952539683,2.159007013970039,3.1873833968367715,0.7775011219315215,-1.5920966662260485
POU4F2,-1.7927861336210216,1.5143625558555407,0.6651375710174663,0.3499131984761789,-0.011052294840407852,-1.2840885098160202,0.557503624624938,-2.338866644059252,-1.1782088403820061,-1.3875177925281248,-2.4528539630062434,1.3075248171482274,-0.5878791474611049,-2.259117201491556,1.3715181261349731,2.764513708867955,2.712472320794152,0.12367135785474337,0.773032140450551
POU5F1,0.055442433914962855,-0.19321709987344604,1.3568104805067833,1.1255873320343404,-0.19485372352285135,-0.9151094689370396,0.6016050666292111,-2.089626375956467,0.3179548867024257,-0.9549480907942067,-0.9164990812333876,-0.04643401501647446,0.409463891580177,-2.6632079116285,1.4719413832715698,0.7729122149067628,1.065431722049387,-0.3662304968722605,0.5547638954334249
PPARA,0.29886916516954487,0.014294971715642356,0.7076656055041323,0.12762794725784235,-0.5438152203253722,-0.6688665253108922,0.5161524493255686,1.002353612222859,0.5462785774238867,0.9221844123370452,1.5913537092548011,-0.9064093603389325,-0.9647119681929828,2.273403505013744,-1.0696748134616547,-0.6860896201999459,0.25564104572041996,-0.9687600822874223,-1.7069799854283878
PPARG,2.496820987193567,-1.1428491561768779,0.5962637422378461,-1.024026088595926,0.5647697004255717,0.8389834995770858,-1.7248230281340367,-0.2106689481670388,0.7370234827768438,-1.3684689444508025,0.06515702545692567,0.4625926120646583,1.0339024878102108,-1.1501540837439013,0.6699951423016537,0.4618441060101877,-2.143137654938592,-0.446907623438903,1.2258445349919382
PRDM1,1.3425087065402874,-0.7364555627031908,0.06968428005686604,0.06392176048547081,-0.18379270156447258,0.6325193389766701,-0.4550257610111114,-0.18217936226006554,-1.1185596190022378,-1.0103503672455023,-0.612714989987608,0.2628838806374656,0.6735430590656961,-0.20719666202625883,0.4272026104796865,0.6417706102220196,0.4739161653224378,5.429483712865617e-4,0.09216776396911701
PRDM14,-0.7881361562811975,1.135129418909344,3.0334489979633674,2.944038038921499,-1.367645666314659,-1.0757617430810924,1.5356630675336504,0.017628603479788233,-2.5032844474214246,-1.1476969275295288,1.1812637636301762,-0.5584614495347814,-0.18875159872330405,-0.3892199781261318,1.5596840242009218,0.8602693056206991,-1.0157297292400835,-2.836691899189012,-0.15833204509132381
PROX1,2.349486388207925,-0.12909539628960848,-1.527905351384029,-1.41510362866028,1.5018589670405977,-0.6402422124137255,-1.3439856484442836,-0.28322875733047137,-1.2134680870171832,-0.10384405841085789,-0.86557210854664,0.10601795935600292,1.3249039417568107,0.676225473100757,-1.3743510116779913,-1.0414380979100208,0.21589886595751367,-0.06856986233939079,2.0807605139592047
RBPJ,-2.196543726263338,0.7247342418351845,0.6721594399313917,1.0826740885991204,-0.4923918497570328,-0.7788787755390034,1.1364106766241284,-4.1469332090241,-1.236497909880994,-2.675267775255292,-0.3153069751293083,2.1400455011853796,-0.8637799069040429,-3.6738257251389634,2.869261725227385,2.236209704857112,2.997270950944911,2.0179402537292312,-0.9013467246423305
RELA,1.018933332846047,-0.3016820559902478,-0.708276400554269,0.2237207888188566,-1.7722439571895308,-0.7631085724051805,0.2132027962194911,-0.2317894855296074,-0.2502426612894618,0.09826903173481727,-1.3603147637137114,0.31144764852340245,0.07851612624373358,-0.46843601902737736,1.5534977335146811,0.5437285263261923,1.4775965924071817,-0.7551268351189095,0.21890875488245945
RUNX2,0.12686224201117177,0.5846470274393469,-0.3475651179578879,1.5561141873262776,0.977157591782485,-1.1455616081458786,0.7004312093938309,-0.6532142956007201,-1.9452064145371104,-1.1202478519362187,-1.2860865726612014,-0.29330896766905923,-0.44785632186115804,0.21808933633344135,-0.4539634811569289,0.16281511944867946,1.4670984924815826,0.033651885771742905,0.14434109212936497
SMAD2,-0.9259744837308785,0.5360738081462689,-1.052366627833997,-0.7739131973460448,0.9595589804375148,-0.9339498499587972,-0.5271367610486415,-1.658129609801772,0.1378619097782332,0.2500965404955628,-0.862206983954701,0.6785029363738678,0.29755999165120967,-0.8739255811691092,1.5528507206137974,1.9477737706273044,0.5969247757505898,-0.6283962957580631,0.7452060280169723
SMAD3,0.47170780211161134,0.7142663228616963,-1.111734579571111,0.16439931004286928,2.2341171813098155,0.7486599522149812,-1.988258528553244,-1.2723912533772896,-0.7321080954979986,0.4267214127310235,0.8275939081074583,-2.0048692473316554,1.877266899857534,-0.3261537992045285,-1.0404623930173802,-1.5383137284494146,0.3717188507734295,0.932099249876377,0.4132153835261432
SMAD4,0.32238453021251606,0.12957412704608723,-0.430575098907007,1.7669631747000918,0.6170781666194093,0.5410989370049171,-1.3460833260667067,0.11171895306793776,0.7088950806571799,1.2228593851777307,0.3955752062713547,-2.42456910309315,0.9579237061931251,0.7984378530353423,-0.08468934983174828,-2.461108680045175,-1.023654475555555,-0.48607703470005004,0.16260531625411034
SMAD5,0.884215799705719,-0.019945740097427212,1.559314159498375,1.2046619136629997,-0.9372865583452749,-1.044702134708789,0.2833893911133605,0.06717678638896843,-1.1114286942727172,0.052070973832874456,0.7744856613568525,-0.7461787775107622,-0.20875004172525133,-0.38850376906496137,-0.11389278918535854,-0.5421663713408085,0.01542992882596664,-0.12115534912420947,0.28740206636385746
SMARCC2,0.5894612036996959,-0.8470894336666152,-0.2355387413542889,-0.5521770876061862,1.837516962684292,0.13115589944243716,-1.8000653950036074,0.03074822267905174,1.4828110930057323,0.5760928504552204,1.2222848966801967,-1.527337148940964,1.484167192076167,-0.28744105272777337,-0.30676405500094234,-0.15153289431758568,-1.041540352282717,-0.36721558948099314,2.0193390293772975
SNAI2,1.6982155994610244,-0.44887092542381873,-1.049829416955872,-1.5389163328303535,0.3995670544144572,0.19883382218365572,-1.3922740674812748,1.503867433345193,-0.885475928016087,1.2482453411280392,1.0512879465089375,-1.3845924648220178,0.8123665771762919,1.5045655524316266,-2.2458000931680036,-0.46362202203458786,0.5905213682014784,1.884106347010518,0.9947042381413969
SOX11,-1.5749472992423337,1.398211271483344,2.1501051730065344,2.0601755644165056,-1.3881217389053337,-3.314603464585098,2.0325043576852218,-1.8403725778803193,-1.3795692346958504,-1.9013055758726878,-1.4489629458789095,1.3802498436682296,-1.8621794101292424,-1.7950219188491228,1.9642237194016163,1.9310029241295867,2.2016083509958144,1.7112453452109957,-1.539683909753552
SOX13,-0.8344537177527123,1.2616694142894063,1.678458317695743,2.6182883195485203,-2.0445888229004443,-2.4128628159054597,1.3300888094989716,0.003151809054047986,-2.2478356855968924,-0.25736232886584315,0.6669591031348105,0.036689508818860836,-0.21832497397787728,0.04835618725575461,1.4255444082539008,-0.7029609809292067,-0.6597095348258317,-1.2805136577992486,0.19367451247584924
SOX2,-0.839555590720175,-1.7325781892540155,1.6140623508216083,1.3814681761150958,-0.383874838036385,-1.0328018366256642,1.356196199146249,-1.4961298144855502,-0.8674979987456253,-1.3987631550142916,-0.9396078750642656,0.40578664332595304,-0.6067527951209518,-0.9112466410109596,2.324776037055364,0.9615647774061405,2.354929860760447,0.9694452086763656,-0.0024612675760936433
SOX6,0.12717108428252977,0.029198104760887317,0.15858852334889925,1.0523298510771486,1.5712137073957113,-0.33176952493775236,-1.0978665326274333,0.05606880305261357,-0.6952537061851338,-0.29762526151338436,-0.11307245394027847,-1.5583032184757877,1.2669452370852723,-1.0204227300424036,0.8488743423426404,0.6740961500461775,0.5372898337317861,-1.4033201536891446,0.368599160303761
SP1,-0.22308968573967666,1.7473815996878754,1.1996741964900166,0.8888627122327061,-2.3410300318518997,-1.246325051383875,0.8160790339862097,-0.021214899522519193,-1.0779726122744655,-1.5444572514287,-0.3867816480943409,-1.6091700165552973,-0.30730172648691406,-0.8306127750229677,-0.05573126468888765,-0.7708651363436853,2.144279787842896,1.2740446862485184,-1.681701992508062
SP3,-2.509329648636599,0.14882947036923785,-0.20473795500976327,0.8816888884549902,-0.7867396303211823,0.4529415805770083,0.5252132999282768,-1.0367996420065813,-0.15344325723771077,-0.42005967675171607,-1.0778653951454762,0.09436348079959862,-1.6052072090872476,-1.4914346404880543,0.9682588861466056,0.8862029892437252,1.879378067661868,2.0623634434762,-0.58299361806027306
SP4,-1.0869523253438416,-0.6211501822342596,0.9302152699606581,0.8686118523148993,-1.1721844099023286,-0.11920437735948339,1.257504948397446,-1.357024559686536,-0.65200710775274,-1.8132146170708991,-0.4588824121998678,1.2562306731940036,-0.8620736475487782,-1.6490624792704895,1.5852860751588194,1.5613069179526688,1.9640282995528213,0.14505512705395401,-0.9135127995629756
SPI1,-0.9657315338391164,0.5951250420594552,-0.12248110472278474,0.31327732640609884,-0.9783868962929171,-1.3537084780101463,-0.36856554643518524,-0.38719701769882753,-0.6141203417194102,-0.3793364879529333,-1.5496079158049947,1.2515495751810517,-2.2967757178050485,0.22061076459359344,0.9410385041188911,1.3862002688213808,2.752428278617751,2.25350404483434,-1.0809802949266876
SREBF1,-0.3428255994841014,0.378784242461045,0.6112386327090873,1.0230898690392627,-0.8267950464228375,-1.254415462372962,0.18987858116983805,0.799098191390281,-0.9467965039056754,-0.6234671847611762,-0.3952199950425797,0.2400540680301302,-0.7783632923031141,0.3906406095138522,2.04503031710414,1.8128341992980392,-1.0075540840255701,-0.5129975718629174,-0.6358247834431493
SREBF2,-0.187420836426924,-0.4726743461656754,-0.509291601569923,0.5913800116644412,0.8473270948946505,0.04147520994617267,-0.36388922358900083,-0.10859577176996447,-0.9670202452385878,0.006851548352966683,-0.37809420526369686,0.30153011587935163,-0.1286229653062494,0.20423196501495042,0.5356191770140373,1.079720067571756,-0.7854369677372711,0.9733990863337455,0.5493771364880539
SSRP1,-0.03660110321346198,0.49676818873878026,0.3374053986788217,0.20268713352598594,-0.21635613887998328,-0.050868105948244445,1.3576680449713538,-1.1445244617125097,-1.0442665221605967,-0.7406411414003095,-0.7038254063867152,0.5461731728414984,0.8019378262328796,-0.94721106735322,-0.6708913226851819,-0.4162676192207249,-0.6344629769343504,2.2548437925603584,0.8913857593070552
STAT1,-1.9149763913336795,2.506992192229932,1.7107036613541735,1.4294921231057942,-0.8537314808322026,-1.0170133246319513,0.30906351645544633,-2.4041615621695693,-1.8113001785799498,-1.9062838628130014,-1.6597022869823954,-0.6523878024990111,-0.8203154986103605,-1.5773451318265137,1.7003971962378523,0.49259314320474334,3.740319451688235,0.1890328641272929,-0.4885131610099227
STAT2,-1.0429387475281175,1.7773274789805737,3.4928787161728323,1.7550917394127243,-1.548551824783542,-1.386771351674958,-2.0751303977989033,-2.5431571882462665,-0.3347353872186702,-1.4379100089830033,-1.1813841284234856,-0.7026948881892454,-1.2468218426269397,-2.625588313083802,3.1247311493818835,3.4232588189256585,3.511365111891797,-1.5121938809302926,-0.860078637895751
STAT3,-1.9946919299654444,3.2219932840107837,-0.8711508524748467,-0.23805831952643788,-0.9948097439681888,-0.1660622695442811,0.9652468021403587,-2.180307098130952,-0.8726772204162474,-1.7243871707951781,-2.5260881753240656,0.11210543867863086,0.061501207511905895,-2.9672718996087037,1.6584581915005974,1.1484201481528185,2.2738543644468523,0.2139014419397069,-0.35122151521685935
TAF1,0.03105320632396033,-0.9290483376115509,1.0805304704151901,0.5735358328009438,-1.5288269000323131,-1.3894088768102937,-0.10315239902916562,-1.7340084669224383,1.5118130100563358,-0.3782003331577453,0.8303490222141645,0.1354661949108836,-0.5555656207004603,-2.4239489405139736,2.347025853769766,1.2628129586908283,0.652964722711329,-0.7005801033936785,1.1611245102289334
TBP,1.7802937878852136,0.9418226585810487,-0.7202768956626644,-0.8008409624953222,2.21642542671313,-1.494789340815343,-1.6842784131910773,-1.1503493032945873,-1.3458276612052997,-0.8022823829104588,0.6885269321002639,-0.42357563985187174,1.2865814743530386,-0.6576304731626783,-2.260129702346079,-0.43193215311262134,0.6862978631771773,1.8990246374468371,1.3995227387827693
TBX21,-2.287993625795004,0.6891453548312132,1.5426288563734207,1.9768463390568312,0.5541489540217978,-1.9706693413310368,0.28086383929450726,-2.185203682012632,-1.4297234301109527,-1.0247817512254886,-0.51272994515751,-0.03419869164118605,0.0010756626780115833,-1.129890426606249,1.094520648348896,0.6986646505004465,1.8107769176966313,-0.4816165564557502,0.6876535535012952
TCF12,-1.72277372867534,0.47612915106477954,2.2355904051597175,2.0188132808302397,-1.1610925292459697,-2.2727330516714472,2.1146665323131475,-1.127743764105431,-0.9884367525425256,-1.7911202878888972,-0.7959051502720486,0.17429248392851476,-1.242940644449006,-1.5068820754322838,2.708848622360149,1.4064655461056088,1.7800533761839774,-0.4293041386071133,-0.5367285186049878
TCF25,-1.2793182365182334,0.3559641179981091,-0.28235701759523724,-0.1592050078727446,-0.8126490505755809,0.26384202486695685,-0.059261037408582906,-0.6801732345078718,1.2057429570251776,1.0496088469662868,0.8130586178754037,0.46085256456695584,-1.3427537058225696,0.02104498785636908,1.226234486293253,1.0877160046898955,0.011864933886689343,-1.2187905452312697,-1.5953182048394798
TCF4,0.14925276684383948,-0.013430618567414869,-1.9306272092679453,-1.0890266108112252,0.6512894539143738,-0.348799634704146,-1.9993925612206838,0.11245509541652592,0.5043722819179616,-0.4158825141849375,0.35865082186146285,0.9288178389444673,-0.40528539560525617,-0.05736521885979649,0.34011148232179816,0.4804473303377318,1.7942609791053525,0.6665263144569282,0.10876327309903024
TCF7,-0.6839397046765954,1.8776241672539105,-0.1621618130403581,-0.682940196818556,-0.6421014611554524,-0.37396834036951643,-0.4998666102775537,-2.2903208627290135,-1.2304480783026863,-1.3427563599185461,-1.9865920034926656,1.3434909189712765,-0.1769613397009631,-1.8105833654432562,0.7283924580961769,2.2536121140787237,2.6514884516053163,1.6490592813691722,-0.15040028139832257
TEAD1,-2.986441067298665,0.4266492031981686,1.359905662763724,1.6573579124970026,0.3719676797693199,-1.8022703404097788,0.6671896925389377,-1.331701578019421,-0.9115309819851296,-0.34659088345281097,-0.5802687847335237,0.37455268982326284,-1.0793871644233044,-0.7199289710662302,1.3688546169269908,1.2248262092901498,1.3970519596966535,0.44398795275987507,-0.7015170016132088
TEAD2,0.34300367367350854,-0.7912124472945133,-0.03863738201069646,-1.852038165447883,-0.2203330219049044,1.0038071534306185,-0.4993704582415517,-0.8481033848190126,0.9363497145706998,0.17555168355793105,0.45838249045152596,0.6232449462803336,-0.3297792076866102,0.10722306387417778,0.20553046251308404,0.9167021445241434,0.33809078680214866,0.31787636749741116,-0.33361795550929507
TEAD4,0.11574698511219875,0.25076215218416076,2.4223558921582797,1.9011598274099164,-1.6470312307979826,-2.4060684275962947,1.3427803168513737,-1.498701941874274,-1.7377403654877563,-2.2660591590166526,-1.9392257211813637,1.4056000782298694,-1.0980677039377456,-1.7154729070496475,1.6131798445127772,0.9175405304640898,0.6479350835373273,2.0619253436641816,-1.0048362064345961
TFAP2A,-2.1529304338859485,2.13983602314439,0.8536962345714693,1.3016060059916041,-1.370552255438796,-3.0976121664281515,1.8607293265171954,-0.12694739766780866,-0.75947326282799,-0.6714533686908372,0.5283165993188161,0.4106108080778661,-1.3788606931697014,0.7855842543153124,1.8753982609103483,1.6065140003841274,0.08627212434246691,-0.8457242577247471,-2.398994771359441
TFAP4,-0.4090172019691348,-1.0371235009278232,1.3530840999536806,1.8921902691153387,-0.4854777206807621,-0.15862695847719788,1.9338977756933788,0.6124326956946005,0.9601265624344505,1.208773874034828,1.0553721251798933,-1.9714078016539378,0.57786711480224,1.362796489017192,1.5564136048317032,-1.1473774775476586,-1.878975959889867,-3.47351849033745,-0.4966564353868147
THAP1,-2.637970674886199,1.8436155946275974,1.787110976216457,1.8489487991114577,-1.5740035407112338,-1.2631343845797125,1.0214633155077304,-1.9882732770434577,-1.5840370938958914,-1.44033980161712,-1.7973834663399426,1.0636089325562177,-1.3551957500898226,-2.080427258943107,2.28762756948102,1.7652782890965046,1.3939132150891858,0.0689926360075988,-0.9054566928513399
THAP11,-0.23999326886350292,-0.3883375815026493,-0.03082322227994842,0.9541683724471305,0.08835305987427386,-1.0065658932430235,0.361355830552562,2.0515875443863014,-1.1387955770779912,1.2546337238372103,0.30357141268160714,-1.1982447963471696,-0.2805196813406399,1.8400712012003784,0.022259173663210206,-1.2538345655633294,0.585593287071796,-1.483546057311036,1.030837057789392
TP53,0.6248977586720511,0.280672730091944,-0.553837149855392,0.1156575601214222,0.2625574890503723,-0.728708496194338,-0.7190099432357456,0.3218836292648102,-0.06599693847950654,0.8560085664488043,-0.489492556289057,-0.9389042827592752,0.5945700625581092,0.27575520487247807,-0.4522563071873081,-0.7708936348840774,1.2421646874257715,0.983454934912753,-0.5580404150228963
UBTF,-0.3467396256197464,-1.2496579030391857,0.54655812207002,0.47904290397445426,-0.27330722245610334,0.8387224818175177,-0.3791214671604342,0.23633527632655701,1.216483342115993,0.15803294411139482,1.6048296151572476,-0.7271271817617405,0.5202788515623413,0.46724182829593286,1.5158516811210623,-0.32513096017634857,-1.0787506628428232,-1.5808373531172848,0.28738913826918133
USF1,0.16659595821826628,0.8678822830102242,-0.27113872284161467,0.35785783309062263,-1.158691999224983,-0.04426535692789892,0.16964140905209443,1.600507922606813,1.2655328525940563,1.8893490705223153,1.9655142595912733,-2.7645529352872775,-2.378487362251922,2.420993354523656,-2.854188592800288,-1.6783713836747387,1.1633619357146119,-0.5841057582155177,-2.1213667707933346
USF2,-0.3204939781315439,0.6340312276489616,-0.17162661789154357,0.4390827078293663,-1.0686500505434227,-1.343528417828726,0.927477273629438,1.6916901515430829,0.4654468359907622,0.9668360474535099,0.7123817173336151,-1.3394598591967033,-2.6486219850871193,2.4779973025597646,-1.6634237315092684,-0.9796357002669184,1.252298966755368,-0.20593842758615036,-1.8424055890633477
YY1,-1.8509792940097856,0.401409047821775,1.2155344112453281,1.2943203783260215,-1.2790444219519908,-1.6047492978350533,0.692000014502792,-1.046832427693417,-0.6373191953208955,-0.6366406616256692,-1.1385044516832525,1.8682987161203835,-2.085839470958555,-0.08988374207962165,1.669717483274944,1.7811932782614828,1.538879379097516,0.4980746252746599,-1.8294552234343975
ZBTB11,2.1466465835122,0.23288506645584825,-2.4521053695037165,-2.760471967017536,0.2759404012968566,0.3053772596211467,-2.4490748846269272,0.430372749267622,0.974966358695998,1.210443779153213,-0.34323741999878676,-0.02878508297356327,0.896843246980055,0.3841713563945319,-0.21339844462069749,-0.4781578378442377,-0.7686840936914198,0.6454389398243915,1.5158751621570594
ZBTB7A,-0.021966292973228566,-0.6877844897083895,-0.3423768233713831,-1.555934589023189,0.26691520148126735,-1.2876952182417793,1.0288193490326427,1.7240564748695015,-0.7450566949952017,1.495874798979141,-1.110938133960573,0.17344927351089187,-1.7581787623017626,2.3042729822292767,-2.3073657177096676,-0.8209905600880104,1.8380701067783098,4.03124757892802,-0.8620719903952054
ZEB2,0.34107861007167106,0.04429044138874046,0.26003735539497275,-0.1916169953069302,0.029676041018588926,1.75836194271394,0.060855544904920886,0.9566064979626394,2.117504667453193,1.9322179467204526,1.4958871708342176,-1.4999229160293814,-0.08865431981906703,1.2025589302158597,-1.4475506792104804,-2.405880235011029,-2.932028640553165,-1.1669063446281238,0.0062211106450616475
ZFX,-1.1761347009673893,0.4877407057985258,1.0420429619234732,0.4191871656735005,0.1426405179419932,-1.689956193269113,0.08680329727700925,-0.148180957345583,-1.6794876561114165,0.4853182486999484,0.7900152487330876,-0.42671876088463173,1.4577676371315682,-1.0097662036645327,0.1699939491912572,-0.5044413369761612,0.3423705080811508,-0.2572593904651278,1.4505416426771238
ZKSCAN1,1.878883987889662,-1.371492521701606,-0.425346944999193,-0.03848441535611372,1.2211386123737755,1.009520918762661,-1.5996503119606886,0.1969282703931402,0.8572394752502918,-0.1195453528393965,1.0460994013946703,-1.0589098979393827,1.155269775240485,-0.5207022611853878,-1.6658662736581435,-0.9421732976876327,-0.3369698559795615,0.042166323864400855,1.5893571097183106
ZNF143,-0.9860534945165895,1.0068474795275093,3.3897447862197687,3.63876334119307,-1.958421360377801,-2.3342426462905976,2.9336044266207786,-2.499721547651961,-2.488100783882985,-2.730178496953377,-2.6624691514989967,1.6020791940960557,-2.3509918250749426,-2.2706056012240197,3.7301152975504825,2.0973732930115068,1.2821894814275863,0.3658164702759959,-2.1300218248402514
ZNF263,0.997338110364191,-0.2757330327544108,-3.0994557198143573,-2.446197272342351,0.5730590410731168,-0.08449688705486806,0.006549479786308452,1.0143845913697433,-0.6061101075868937,0.20440959009112647,-1.7154675125078753,1.2280726937742532,-1.1170511507577991,1.98172740036707,-3.452709227835089,0.09929798624553968,1.9317741097872732,4.87069889488199,-0.6081839176812718
ZNF384,-0.9650388062604566,0.7064310975853076,1.891430688460027,1.4150876742656746,-0.6233286976271101,-1.4322971406526481,0.3796407623012424,-0.5660016708247259,-0.34228573259329,-0.559831311421084,0.29909867782118893,-1.9372565434766829,-0.1597248949564016,-0.09209545181882882,1.9289118733819963,0.12830529960833675,-0.15790890757956078,0.015175320303297834,0.21912467968241636
ZNF639,0.6209342144929806,0.05290098355735342,0.81442677703919,0.3483514387951024,-0.6937364804310886,-0.030979318820252552,-0.20035682071088542,1.9333619079601219,1.1741065178560484,1.7414233693269003,1.2980093452556885,-2.1762105541755434,-0.4132407269290595,1.498177124309978,-1.0260269904783446,-1.6880489533650231,-1.0089329904590387,-1.1783896126186042,0.0075239918162021
ZNF740,0.44300577488962867,-2.066385537584188,0.8292277588634513,0.23052129936751498,0.2660354860603028,-0.1859169936091763,0.13207926838520398,1.1336132053826273,-0.04958263994108847,0.35846460884027853,1.2526024841286736,-1.0394120348779727,1.0608609164357268,0.11391731532090371,0.49745623171116216,-0.475237756280919,-0.9048681740839054,-1.2346911388522157,1.6561597371845378
