tf,GSM4023557,GSM4023558,GSM4023559,GSM4023560,GSM4023561,GSM4023562,GSM4023569,GSM4023570,GSM4023571,GSM4023572,GSM4023573,GSM4023574
AHR,0.7638486111078553,0.6110342458222686,-0.726698497887574,1.1818238003952253,-2.2120324789629935,-0.7562457185199922,1.6104743854878902,0.5976213183384922,-1.0433141555101533,2.660978500595709,-0.9266376566029473,-0.7004393532498248
AR,1.135992025708082,0.006101999655360806,1.2791663827318753,0.25561916051038175,2.1476870277434346,-0.744018539549107,-0.6958841502790751,-1.3522369758976986,0.029985958438386785,-0.7421140555374207,0.3234366800213306,-1.49663802194125
ARID1A,-1.9286910931592214,-1.6029741085790867,-2.3332680187241457,-2.7556540334651154,-0.5634900794188717,1.302689298474951,-0.9605147921841821,1.0468463103197452,0.836880109592093,0.22508709560185938,1.2770437614700298,3.586187865596024
ARID1B,-1.5539699151412167,-0.9800538816241233,-1.20567196621051,-0.5538742573668245,-1.3241177843006544,3.1972513367474398,-1.0285350513705118,-0.6217115928688752,-2.3586973064218886,-1.1017359320688342,0.7619932636388228,4.910841670198131
ARID2,0.12457276902508004,-0.9659326869717016,-0.5848456159788509,-2.4764006536901255,-2.720541251676563,2.5020444554707555,1.3861632456818975,-0.7253771461808824,-1.3816455166549828,-0.5860872588601524,0.30079056328725273,3.764175006672753
ARID3A,-0.9922987005609235,-1.133915782366957,-0.5131287378888438,1.2660809611059365,-1.520259271432309,1.8285110278952865,0.68819521847675,-0.8517364860961145,-0.6766931425343035,-0.34923537712292874,-1.652990880282155,2.3057030754351
ARNT,-2.1696796382486188,0.4454205363188257,-0.885074986006982,0.5789946523634218,-2.2100142348172347,-0.032097882577720706,-1.152646080525378,-0.9075881644270815,-0.3561749649932115,1.1565696507762104,1.6922527821415472,3.305150064361233
ARNTL,0.8013005146580987,0.9550627667946876,-1.1323173831277087,0.9319093812166306,-2.3362379277563603,0.4388970953946793,0.871023699020585,2.065032102337912,-0.7879367688751208,-0.7133465464362257,-2.8085035977495916,1.6972009079827517
ASCL1,-0.09503148280305403,-2.490754733609497,-2.0392467604287146,0.3849795985173529,0.32996607998424116,0.23660163549218788,1.7300037272333768,-0.4017811115076021,0.9338085957548253,0.9248765602728292,-0.06962145970247208,0.055830728926012076
ATF1,2.19171024606986,0.5544095903909028,2.5477768623046115,3.246765202424603,-1.1407674936306098,-3.54599526847539,0.7266294047327306,2.280947863650463,0.7841315338553915,2.9002268599516894,-1.4994878368427567,-3.798240432900407
ATF2,1.4277511816100508,0.4898613416600073,-0.2897075147917508,0.9072671206615736,0.6349576693599929,1.1952676363838035,1.4096954669116168,0.042380220346287155,-1.0857842926915597,-1.4665013607647839,-2.6835574862519658,-0.2959808774976616
ATF3,0.40756267909410215,1.020442842666961,3.0658757308400424,1.4813495855247547,0.13113742575795984,0.4400526223962517,-0.9575721957496351,-2.1994655615239878,0.08932253521951294,-0.49513945564007034,-1.0378431415857543,-0.44040967312381213
ATF4,-2.3117387656150674,0.18932514354409732,0.06136877561289978,1.9543526338631685,0.73134938179089,1.6552596021777988,-0.39222244408491375,-1.253714373934974,-1.7890407399945794,-1.7214268816825762,0.10231990933289992,1.5636118221149675
ATF6,0.7257948417221514,-0.39093743882007764,0.6877444237839123,2.0398745350545293,-1.8128275556939957,-1.3341101977763337,1.0750200593644292,0.5708388135351421,-0.0271794502319895,-0.41122101253280774,1.1712057122800676,-0.9068409128545974
ATF7,-3.477442263120665,-2.156341312000495,-1.543048966916806,-0.009775124945904606,0.19755901984905322,2.6384061458798382,-3.403689410367417,-1.5080076614262192,-1.828425582359604,0.9556420977084279,1.7769409257809536,4.315896390345488
BACH1,-0.16139740328573265,-1.4170013187712118,-2.6747079740881747,-3.448733783730335,-0.05626311707063819,1.954978069559175,1.1572075491974119,1.7240922120693147,-0.7727603552597899,-1.5496153652187297,1.3421427835285886,2.383176487814133
BACH2,0.7682270082505878,0.49642766329044263,-0.6192763500140964,0.6830990123842532,-2.18178747468621,-1.1040481539766782,2.091114323200666,0.9617114934312124,0.9029588012107395,0.38909684917208726,-0.6802938874121987,0.3029796537255013
BATF,1.1846016817459077,3.188022241589761,1.1532164743524251,2.1539058166911187,-2.7766334367849055,-2.635989881838358,2.3376275431812386,2.7836076401373124,0.8598909097051222,1.33770461709518,-3.0632612775554717,-3.473771521640675
BCL11A,-0.571644443017951,2.4695553378089596,0.4924905398444439,2.956771263331568,-0.6748345157267311,-1.2292666477329977,0.9584323467077385,-0.4764995205194797,-0.7477565625421605,1.4758135650093833,-1.7892612997930355,-1.2049649951557688
BCL3,-0.4435842527846303,0.8186038391623957,-1.908976047868106,0.7477587909846354,-0.942687539896566,-1.6211590752397615,0.4990382027084625,2.035480471837372,1.805580937991879,3.296529264899533,-0.19934485051198508,-1.8833334807765727
BCL6,0.06398087450382237,0.9931107925600224,0.3031574085225281,-1.4886883551430317,0.5718243621150941,0.8710144837655696,-1.8995858005896895,0.7998763345337373,0.8575401472019352,-1.5539096464625783,-0.2657785101694522,1.1939829899502812
BHLHE22,1.202054852132419,0.6025151501044325,0.15128845164539936,-2.412425968039528,-0.024808031313144702,1.0709310927414415,-0.5969478382778005,0.5447256187999867,-1.1585966347011674,-2.98157197059641,1.3469519973548523,1.6905805534142564
BHLHE40,1.3370364248905122,0.6672598810077988,2.843014106758016,-0.3646868400642629,0.25099250232082065,-0.13617797683814103,-1.2293260777705033,-0.6675462505021682,-0.3949152640169009,-1.4808571427746713,-0.4462696663357852,-0.08091468306238668
CDX2,0.8053417473595168,1.869653788254435,1.5912547345982295,-0.18192695360747738,-0.06451425930245287,-0.9826368437431292,0.04004437114757907,-0.17595470341443775,1.0722144212656286,-0.6260599191536804,0.6365437725318732,-2.311185864831163
CEBPA,2.7374302237414088,1.2901750058939085,2.22451587982002,4.226776190200097,0.9313802031372501,-1.7192497363344188,0.9173079670396461,-0.15441803211711735,-1.3588244785341446,0.7496111444322499,-2.632973047654999,-4.561608271605723
CEBPB,3.025110619675101,2.105131665846166,2.047708175179107,3.7264119985493394,-1.3490751416385094,-1.9355724795894709,2.0005754219478447,1.2709268203686317,-0.009477592533447168,0.19536446194248497,-2.7834925202589496,-3.5864848155860947
CEBPD,2.8166055963474355,1.2090586459716568,0.8157713237222534,1.446030138482468,-1.6833800572850242,-1.490869027975648,1.7798938509103714,1.2856475221715298,0.6339649534108142,-0.09997079227589215,-1.7136052485271807,-1.9958307061425251
CEBPG,-1.620685497847275,-0.9291886766272252,-0.6295406704921765,1.7766224174616267,-0.9327274581210491,0.7196661483763169,-0.7773513020367555,-0.005448121788079662,-1.8101527187788506,1.3540017480782365,0.7746847459200032,0.5011768833240721
CLOCK,1.5202520391258443,-0.12045529634300285,-0.7254619194578515,0.1745214167473078,-2.6854289971429455,-0.6085521396460636,2.66270052399074,2.506875858233753,0.16488186890750556,-0.4257950802067886,-2.20032806304636,0.5471302868525589
CREB1,3.0504380737056422,2.8080609011632665,2.862644533217271,2.99647473497504,-0.946475467110849,-3.157580420239311,2.4585103278658345,1.0967262329118832,-0.1545432461892388,-0.46344218276616594,-3.7811755600745056,-3.2681210092521886
CREB3,-0.25552521049109406,0.10295374894809392,0.27996715220352425,-0.6346692373914229,-2.075320845014744,0.1605979755213917,-0.8426534776195627,0.6298729949606418,2.4251412012250695,2.1879106062816387,0.1270612614817475,-0.7015509694915236
CREB3L1,-0.8696071806585951,-0.38372332833432193,-0.19581474196577472,0.6913328589757182,-1.8615233750660434,-0.8510552055810127,-0.29104817543161904,0.5500364890745628,0.5790141386000263,0.9935779075987082,0.6819776209396021,0.57903969905194
CREM,0.4201302252010725,-1.0989391890347773,-1.760825968347236,-0.3772263999072738,-1.3625536907964715,0.45147888861242297,0.04709067152267556,-0.14471092595237667,-1.4102181763214514,0.5232342244054881,0.9691219888919868,1.4620881590972232
CTCF,-1.288806931213837,-0.6436409945678586,-0.5605886484783317,0.9359216897498569,2.702075610695967,1.5681010881996211,-1.3107944886759428,-1.7209482770460034,-1.4218800480317382,-0.5066509054660734,1.0376262112420804,-0.04127411448182822
CTCFL,-1.611806590610828,-1.4191177220845115,-1.6625778501496227,0.10036937044558346,0.6192591372531377,0.9438806108586594,-0.36824471649383345,-1.7413909980769597,-0.0026689584083510205,0.8449206280876227,1.5597841544527726,1.4849959895798248
CUX1,-1.0808750958323312,-1.2048443428216291,-1.591253163262656,-0.7877901104145084,-0.17807595415551974,-0.17489259712709102,0.4300799218431936,0.4612255496186717,-0.39123263344589626,-1.1427770440301845,0.911089217544416,2.356379939424374
DNMT3B,-1.4411311493408168,-1.3494513299671664,-0.9077374594576827,-0.49223872966079174,1.7677989977993334,0.04822622940969388,-0.7988664351567092,-1.3029381183824635,-0.7850132438297333,-1.0972970215214088,2.13304162653492,1.4303606628137637
DUX4,0.23515279692281751,0.1605753903175331,0.1992549164602036,0.1245935590829701,-0.3582383478016602,-1.0092278415947566,1.0386152157078468,0.952962430251637,-0.13066990709337123,0.32762615195356526,0.4697705110484509,0.05209579790296448
E2F1,1.2489751159492684,0.657582763016072,0.07487858750399495,1.8895837477722341,-1.7943879330939068,-3.322110639851595,1.3981543730754937,1.8516874736965818,1.022195723551413,5.007742588014167,-2.458862776709181,-2.070691646819218
E2F2,0.992586227852103,2.7567570362668854,1.0744472747556453,4.382561385896326,-1.7465273879353764,-5.059484273536129,1.5106732116016277,1.0544394358719855,2.083718283952599,6.053935644953839,-3.946738710818973,-3.6357429180408722
E2F3,1.133947766321409,2.2364853801218083,0.634865588469706,2.686844467584715,-1.046800891704113,-3.548108189280515,1.4303054017774428,1.1500540499438694,1.4449016685370877,2.964493515281283,-3.4947441123575143,-2.2079899033170634
E2F4,1.9309369878123546,2.365766985934734,1.0666455879569883,-2.2596890095355575,-3.798624091877987,-4.3670583584779825,2.5649482021163394,4.518526534681355,5.397983416412429,6.779664392384497,-2.4674965998991283,-3.3834736661031792
E2F5,-1.1770857889920403,-0.11619896326527544,0.22650805291942802,-1.0690953451522174,-0.6080629510687895,0.6476022539556281,0.642571260829075,1.4255603670984285,0.7136539670198082,1.4815553266878416,-0.7787365726427735,-0.4952323268496836
E2F6,1.7775903123003938,0.5898665236130127,2.698035159172637,0.26049000928726446,0.4777506835019328,-0.22464098883628592,-0.32686710192792295,0.09597058630387081,0.041201320377757734,-0.8717974972447957,-1.172381909786056,-1.2007322154026672
E2F7,-0.9554999238660117,-0.3220401856585338,-0.1975498864761003,0.10161560183712957,-1.7059279234550488,-0.5857185245226856,1.7936765186826584,1.1505403400532355,2.6075909165160738,2.7277940660707087,-1.4610391744324442,-0.7817967754619636
EBF1,-0.3231389263914243,-2.2537070895247653,-2.8834854489763355,2.153593412839591,-0.3010266237523391,-2.2102852433262847,1.8347909797616118,0.668660419731286,-0.0789965437054443,4.043634811746407,1.7857125156428597,-1.9165079253868595
EGR1,1.5811811033122194,0.7281681241664544,0.08958183308249613,1.4890797235290594,-1.3714355395346616,-1.9177830880936617,2.669661160836252,0.4834708302024193,1.0181262578847723,1.9122384484071886,-2.0674190264254877,-1.7724687502637209
EHF,-1.336385411932305,-0.6365859485334605,-0.04504831380839329,-1.8355358432007869,0.8055404060454792,0.435573422451286,0.11298334982639753,0.624186713326676,0.24478499865085454,-0.59014514789832,1.2610539386306265,1.3242759620891602
ELF1,-2.748654436671607,-1.266655716018366,-3.113908193295995,-1.7930773286451436,0.11963794289054547,2.5584661105043893,-1.9476166445606153,-0.4028599916412255,-1.6039526406730176,0.5003765689143327,2.0862989252164184,3.581712564866347
ELF3,-1.1629243767588122,-0.6278588032220503,0.8606600552722438,0.99489575892209,-0.19176991699282983,-1.9144175676693223,-0.8181460679752282,2.287989136563849,1.0497445032833295,2.8468490963813333,1.2590674455040611,-2.3806744953114722
ELF5,-0.5968651488826345,-2.1107683345310653,-1.468960980951796,-2.397266780638376,0.6604950664287197,0.961015864648363,-1.1129547942259506,1.2611433608111307,0.5441058542070994,1.0727596402183626,1.0308060338782707,0.5719150256508923
ELK1,-0.35829062046544213,-0.8076602210089692,-1.5153929878513945,1.6373977343899846,0.22543530412962218,-0.06783428739952296,1.0646746734235315,-0.253274510377587,0.4766119507556576,0.1438277255676887,-0.9172687758008184,-0.6558253618280703
ELK4,-0.23544654733979373,0.36514836866320804,-1.7554660637120072,0.09655445142622372,-1.0336054758446465,-0.9381117503905101,2.3013553253887267,1.6114430853655104,0.517337404477487,1.3806127678878826,-0.2160831508700024,-0.7966210223616279
EOMES,0.8384509596734897,1.2897640270123198,0.5707772620605045,2.779461467610178,-1.1180552447128775,-0.5243193126414444,-2.6302523319238587,-1.0330120116786918,-0.505527433546877,1.3618832791399018,-0.07807177951631011,-0.5544241786441522
EPAS1,2.6101964057122147,1.7012521984521114,0.1755881373461762,2.232824434973529,-0.5210177891828676,-2.992703805050608,2.526871781908527,-0.4044634923535124,1.8707522611947698,1.8326898407981427,-2.5671574933786,-1.8319332559511663
ERG,1.103374410280068,1.9219438835778977,3.429810554712846,4.181955054716398,-0.6332288882901433,-4.369035688737916,1.0181351581647888,0.4151442768959168,2.00610279696263,2.0463541899794007,-2.963167110713992,-3.5212800039362877
ESR1,1.372100230477608,-0.2975898976822624,-0.3206591923703218,3.632863997975264,0.39246233311520895,-1.950967012555896,0.4116019491013745,0.09990187668602593,-1.4792115633893221,1.9939186852317397,-0.2752042617055329,-1.4819165613837202
ESR2,-0.39406954471687944,1.2880337070584653,0.4894901776086482,1.480362568323872,0.020852243993239677,-1.1037780148174365,0.6344002947426308,1.2434694051088848,1.2969008428280357,0.16261769645193458,-2.1386384372149507,0.11032963531503481
ESRRA,-3.048522284328852,-1.4627689128982508,-2.869010706117845,-0.3695366792429373,3.2829613862821816,-0.09197777284915941,-1.2979550655426608,1.672779986167376,0.06471295823527246,0.8125267166093171,2.7475952758054976,-0.975887576752707
ETS1,3.2277784987382003,2.5926519398844556,1.17148908252243,3.291560056393131,-2.6728839355739313,-4.694784963996271,3.7050475282916016,3.7233706008801146,1.515849310350813,3.031633650764523,-3.852787817961637,-4.492128823513165
ETS2,2.7560757359380443,1.6798662481794089,1.3836401300659806,3.1922498913466217,-1.4707195330309542,-3.0463798428207456,3.2529630389802517,1.090650191494652,1.2068784019210546,1.085214065733809,-4.458645801015481,-2.2656472457476524
ETV1,-1.3308520867092963,-0.7187207528575331,-1.7238964492878288,0.15628016433928707,0.1080305954941565,-0.4246596209093222,0.8637912511894301,0.6436902998039773,-0.5405813898574653,1.9004646604553077,0.6475737429596304,-0.09425458073531294
ETV4,0.9705157293682599,0.5745662830581232,0.24444509802971576,2.1704017916854266,-0.46204088496341184,-2.5489898164228997,1.6369998557389556,0.8139367160695447,-0.31096321987659375,1.1233712819217117,-0.9807470212029683,-2.069951148883852
FLI1,0.13497212500574465,1.4010762465135613,1.1548245638750037,1.4400137430959776,0.552457267758078,-2.1729642800778635,1.676775060733741,1.0492976604596387,0.38013116763898,-0.19685463290520744,-1.4273613781554921,-1.0687400212398495
FOS,3.7108803937651396,1.7290514473278633,-0.8438566665567384,1.7160765758037682,-2.783632669597156,-2.3945366556364553,4.5234493182528475,2.0029464324315893,0.26983644715919114,0.5257999867209234,-3.6814477749302412,-1.3268052462710944
FOSL1,1.760192869863599,1.2548462513421057,1.3983690126547805,0.8295794204703185,-0.5926604623599535,-1.0673164193933764,1.7637482446452128,-0.03293951141817092,0.8020531525939545,-1.7197573938195312,-2.179947212969135,-1.4394725133522341
FOSL2,1.7108625693761779,0.0034289184229064533,-0.6791426850415826,0.41753975220615763,-0.6142132465068375,-0.34429286463931486,0.8586251007646648,-0.2187824974393338,1.4385860140296842,1.4751736636918054,-2.1120089088708873,-1.3059650184286784
FOXA1,1.1031825447664863,0.8407858526832771,0.4345483113305149,0.7441291199180649,0.8625652469838697,-0.8100701007823062,-0.7764195380384398,-0.7093904603186293,-0.7971339067083754,-0.7165754880304855,-1.2750886573430453,0.07047701415654524
FOXA2,1.8785153947156394,0.29935554487258126,0.8107675531401755,0.896010048904397,-0.5487927805910258,-0.7883321267545358,2.094161199409663,-0.40259664337676765,-0.8533050369899987,-0.932440632932387,-1.63829543548525,0.10940215557856249
FOXJ2,-0.43699166172195875,-0.32053424043715406,-0.5239153314876775,-0.45879951450143336,-0.7907749619086366,2.026044802541294,-2.6698137762311465,-1.376341903555569,-1.7712012527580099,-0.5688191463657056,1.6615334370202115,2.175854469471566
FOXK2,-1.8715315960193961,0.11170820084630063,-2.066827196782423,-2.5875306000339036,-1.2582628870959702,2.3252072538739377,-0.27615620765090226,1.0643608412315506,-0.20677373379255132,-0.8688933647888453,1.6772992578680588,1.8930256296341945
FOXL2,4.0781652605272125,3.309423531002434,1.8772035969152692,3.030362297925759,-1.1496500388439261,-1.9642408360926518,3.686262641612457,-1.3058570254141995,-0.7330332626327437,-0.19874384652321075,-3.8547526399931216,-3.761067198057843
FOXM1,0.19040563983852493,0.9009369711083902,2.025942493985376,2.3547994415098263,-0.6191905120666729,-2.1278922333265258,-0.39687217440777,1.990486615554027,0.7108589007414892,3.329106955980498,-2.6599262233118584,-1.466676580586253
FOXO1,1.026091384848128,1.7849638511041201,1.1787921603118063,1.4573386965628496,-0.7967233375351961,1.1477209619120825,-2.328714107784797,-1.9031098022417725,-2.245178154606022,-1.0344796176604314,-0.6543121432191833,1.6299063227506279
FOXO3,-0.3401670782068175,0.9684133885928624,1.7818415622037642,1.6815868941320635,-0.6926798871254308,2.017840411895698,-3.0969477040435582,-3.1860746368842423,-2.6648747877337384,0.32134329214042257,-0.700260720655145,2.1528662142361514
FOXO4,1.2562490100793486,1.421387361273609,1.87243548492928,1.3453774340403561,-0.7868316174670089,1.6390651404177226,-2.0852178184025933,-1.9265477810718787,-1.9752019708898736,-1.484482659293308,-2.6438317223692436,1.0851879772566482
FOXP1,1.8336197801924297,3.0907960424873333,0.9787999372823015,-0.797022815031119,3.028600266690223,-0.6074024877065285,2.287314031211061,0.3689438616998379,0.8268416749495451,-2.328068088726833,-1.8908753371456406,-3.879773206738041
FOXP2,2.129130494053795,0.3478160969001471,1.2809100622184673,-1.2478565930953798,0.13949800132995063,-0.5369960450816413,1.7994655749546946,1.0083199147634525,-0.4779501119049156,-1.1350905236561493,-0.23954485306598158,-1.625746586029881
GABPA,-2.097481164014132,-2.1514131035590194,-2.7360867460873033,-2.220683507896259,-0.8354785393314788,1.7219543200438192,-1.6219568753318376,0.7865822900046834,-0.1982771527834355,0.9914502472490204,3.0571705137860814,3.6114069926365815
GATA1,-0.09153607333225824,2.0465594434908034,0.07110601227006999,3.0691250707920403,-1.1659853644829605,-1.6969004453714536,0.218391426880421,1.0624420934220493,-0.4945354838593537,1.4876765947501849,-1.6555597197211749,-1.8805255480009273
GATA2,0.2217692958527593,-0.4375917902869097,-0.0844255524069528,1.4607801231581399,0.3649384447411017,-1.048719632160201,1.4607929975021228,0.7181690375448119,-0.8266309029938544,0.18176722928905428,-0.20621239929211865,-1.214278620449281
GATA3,0.8050508192102344,0.20203846422240632,-0.23401746959741895,0.30900223899530804,-0.4706586460133801,-0.8845379647145869,1.0252757703220172,1.5512216313203844,-0.9444112592565683,-0.9695721152927118,0.3852820270975604,-0.1012794869797232
GATA4,1.192309901650344,-0.04126618190666602,-0.6151294999230487,-0.4198548520051152,1.5264084112347587,-1.5400527478839403,2.62138051761492,0.5245027427366852,1.9334514997057848,0.19875530689122411,-0.8203286086455717,-0.9539666807393999
GATA6,-1.632980693113504,-1.2620637554691083,0.4130086834209088,1.1953255373765006,0.141600351229286,-0.8254734353753721,1.0113649983813682,-0.4941091339959616,0.6013096139273559,0.9188285687797721,1.206368991603902,-0.8957645982041404
GATAD1,-0.42069265402366424,-0.19395748394669254,0.4536609728987881,-0.5230719026654345,-0.004223639049128871,1.322374695333903,-0.6204240750181662,-3.0411609876143184,0.5528428190639413,-1.4574424532530972,-0.3476566930442764,2.008842202418419
GFI1B,-0.8984368364486031,-1.0609074029062682,-3.024999897734905,-1.292951891028944,0.7292335159303582,-0.23514830313536692,-0.06657876521827291,0.33067197626074585,-0.7347406809087927,-0.34684815465889063,2.5226088066681256,1.0067342250184288
GLI2,0.6182740823036398,0.8663875558051537,-0.40913096581966624,0.9346710217026274,-1.1228034756678584,-0.49742304489022787,0.042258990568900694,-0.589684071937258,0.7558659827412233,-0.6620531925139753,-1.4043416898451369,0.9248741476903438
GRHL2,-2.879613192490093,-1.9917141998025105,-1.6448131816202993,-0.12438167825428939,0.9158792910932017,0.17675577389510116,-1.64952297793195,-0.46406109431636694,-0.3504321960225571,2.000037341785077,4.015852227230145,0.48221021942794573
HBP1,1.0043154638581548,0.926720495989416,0.7540166549353439,-0.07463532897959191,0.6068899747811675,-2.170118659539056,1.856387305117447,2.193436763030848,2.09617880637707,0.22871602658754142,-1.2194942003583717,-3.4821648609941924
HHEX,1.1243205527313938,-0.9030261327297874,-0.2975661668605026,-2.4911833335177267,-0.4819981558203005,0.4729501305390992,1.7781709736980484,0.6469222837429462,0.3056411886836738,-0.5427337657550098,-0.03395507845139406,0.43334044338743144
HIF1A,2.884500589190659,3.930929647591757,2.3463755211242123,6.037225066012648,-0.6561263255256232,-6.361050112042389,1.6236802576717746,-0.27514319024600387,1.941404692892286,3.9274203712078273,-2.7178823125523435,-5.7427783311582665
HINFP,-0.4438800570656537,1.0184284175406824,-1.089878241747361,-1.772867813646598,-2.0777033659416775,-0.27496141027053134,0.09333422157634376,1.2269825601720923,1.451309685002352,1.4234182522585594,0.8428420185007435,0.2937367465060624
HMBOX1,1.43328690863157,0.664625346692084,0.8650163509927561,0.3414361434425243,1.2375427580935856,-2.5092823743443455,1.4416146504387088,1.6876952228606998,0.9436404739840991,-0.28780940511321856,-0.4299048456791166,-2.616470507066433
HNF1A,0.5587260964307077,0.9368803479665668,4.142312621086569,2.027042359583721,2.3672747593101513,-0.9186270445332756,-2.3781985290266845,-1.6670903440823348,-1.236969091789445,-0.3652594301649062,-0.07667034589822386,-2.357881497605483
HNF1B,-2.8443569773827933,0.037881641651810044,1.4201243964007884,1.228730755521528,0.3031370617792227,0.032715748505075415,-3.8438067124899344,0.1191266232130309,-0.6161316737632401,0.9849411902492814,0.955119639336598,0.6567479718507415
HNF4A,2.2216123891660544,-0.22201894731446678,1.8125580837858097,0.9642115974580898,3.9483281464408257,1.4951906309401162,-1.9402045371685428,-1.0373254436382113,-2.0649306621171135,-4.3843354229775136,-0.5943682045891863,-1.8832997507108544
HNF4G,0.5498926078493755,-2.723931308806484,-0.36115871397062554,1.609109511314637,4.038549012362874,-0.927509166992237,-3.052668518139541,-0.5043067419882168,-0.5883760867469263,-0.5986087742174997,1.9175866326727422,-1.7569778109722503
HOXA9,-0.164801397980345,-1.7587957988577863,-0.9545633523411667,1.1444553805448505,-0.6808893999512776,0.4904085653864378,0.2361460871359754,-1.2914811390586096,-1.0899177863143552,0.4190220928363504,-0.38261712411395377,1.7892232258209806
HOXB13,-1.012100266048145,-1.675359272553088,-1.0315093352886398,0.2675224490799723,-0.21052513151581673,-0.2735453448063672,-1.0784946263601425,-0.3886805896703986,-0.8256042170443564,2.285785005187371,0.989652204848719,1.4282856298315019
HSF1,-0.1642650260715609,-0.17421845921563345,-0.7313279304541197,-1.764083738308016,-0.1164058546904406,0.5580305244673451,-0.2330613343786174,0.858279142350978,-0.24375965114805104,-1.0905280716619608,0.6380341035549306,1.8278244097398482
IKZF1,-0.2713658763888732,-0.30638379521041903,-0.08627398050309781,2.1390477525803377,-3.117691933539864,-0.7853811492472443,0.867843987499271,0.9055859842695698,0.42164636824376533,2.147773785527878,-1.2582598218894374,-0.7122108258428288
IRF1,0.6964142340327428,2.67053485155442,0.5031263342157154,-0.27513817968055593,4.781349273280323,0.017528898424546798,-1.1149584747326056,1.028501537326895,0.2820035395042597,-1.0791213802357724,-3.133943287498649,-1.9605143579407995
IRF2,-1.7491132895498795,0.8540180955276767,1.6740676907945433,-1.6477737703631115,4.704216050910611,2.087117841297357,-4.2685482073667576,0.062122608757312264,-1.1447366986394856,-0.5887424566015899,-1.3672360725115404,-0.4902288071411851
IRF3,-0.5754616214867059,-1.5471004506177826,-3.165027174589519,-2.5192650141142052,4.678267209695688,-0.4236692547289,-0.2861346298266967,-0.9316865987106264,-0.7569483127964219,-1.2269036733029133,1.3341363056052447,2.9191894097374473
IRF4,-0.00932013286785943,-0.5693821049158713,-0.8465123270088722,1.154151246565181,-0.1998220228263359,-0.6713676832770004,0.6750476706123274,0.6056186962616764,0.3152894299876633,0.1486344863662246,-0.15246234175795742,-0.16177573245250923
IRF9,0.9999089238933397,1.231213035836665,2.073173686811905,0.3890461853311185,7.496946776310848,-0.727100228248009,-1.1027756049551283,-1.6232682561596288,-1.952753050345558,-2.1404395311843873,-2.5381521591339617,-1.8023723251568655
JUN,5.962853154863619,3.9678601981807042,1.6230873511001835,3.295367132011595,-1.7144618318125149,-4.609798258214561,5.354852676848315,1.4649043173774605,1.0147678575062977,2.1838126251390246,-4.716193507611852,-6.489859901265662
JUNB,-1.3021674261273115,-1.3927304876213067,-3.3343352427993453,-0.31514205197196704,-1.6551048891027784,1.345340640577723,0.14680721726304966,2.0035785240730806,-0.3444502904981321,0.5536422044543257,1.828453990514415,0.8231374280895103
JUND,3.6687149406458954,0.3005832328826153,-1.1577410198981684,-0.5068564980593456,-0.4566610296754532,-0.7648048461868002,2.701142474775208,2.0883531952433536,0.6760662017170277,-0.4791285809568646,-3.418135347003608,-1.5509788199394883
KDM5B,0.6613750461759283,-0.36796568793834683,-1.1885680323854906,-1.5357201664582607,-2.8258561607155688,0.4375370332029653,0.6212245884140115,1.2999170322601945,0.44234706511115085,1.8054421219872194,0.28283297629621135,0.7675078173791159
KLF1,-1.930344763167842,-1.5263864072817768,-1.7431677705744608,1.2404419183957502,1.311271549744336,0.452497957691521,-1.4115786100972092,-0.8766639116294168,-0.9178718155659077,0.09544622205039535,0.7284086194865264,1.735027390645064
KLF13,-0.31945463677732433,1.0169422783734807,2.2550908836041765,1.2830320467245582,-0.887001576990742,1.3381244463387296,-1.3244103640995915,-0.9211477241834412,0.27681232270422795,0.25075389295509076,-1.7610474313518003,-0.17661512498828327
KLF3,1.4002631488390813,0.1670828838244831,-0.10907113554123317,0.16333767690012724,-2.1596832604185536,0.5679645757472442,0.5743809818293519,-1.570768269877382,-1.7562151959853716,0.054027607979801544,0.29935349583398707,1.2220105429155497
KLF4,1.036312373369989,-0.5367687718849701,-0.9419058101382952,0.38205095742069795,0.44461040826845827,0.06678326055826359,-0.11109432049784443,-0.6870014530769114,-0.8925568356083774,-0.8665343810425469,1.3828942428490756,0.8864044212728837
KLF5,-2.4193950275850518,-3.7779848668161518,-3.22451609567111,-0.16082233815085026,3.9398836613315833,-0.3119214153323041,-2.407509648980672,-0.08871424843843118,-0.5113854939955075,0.8648804509629145,4.408021585592903,0.6008583734597397
KLF6,0.05156869791316308,-2.054172083026081,-4.283661155401408,-0.4474602420185899,0.7807799262274969,0.3152621135986701,0.6101851853377078,-0.005363274189926613,-0.7618909061094348,0.7657784747421155,2.4062752433337913,0.257019976033178
KLF9,-1.416548021027711,-2.465909957425282,-4.717794245979975,-0.05511503401370583,0.3963399620777803,-0.031410620396387395,1.8296626051511704,0.9245184375209716,-0.9052159737224749,1.2246620785802247,1.1318199988825877,0.9413541321866697
KMT2A,-1.290485896853907,-0.9774990223647724,-0.5565207652941987,-0.5814068050755209,-2.07175660980188,2.548045868085175,-1.5248737981596627,-1.839331070514493,-2.3649745778439613,0.3311248106747236,0.8201680113740274,4.746972332113055
LEF1,0.3365071897613024,0.17048031829313198,0.33298747222754754,0.730023757953591,-0.5403094678706961,-2.601314329352233,1.097516514066551,3.5710511767946396,2.18702386612826,1.0844470252049614,-0.5498414235696887,-3.070299401889404
LHX2,0.5219784985266911,0.13982416362717548,-0.4930911665243357,-0.8639038140048427,0.02038092369764355,-1.2647636356823513,-0.10294416428985703,-0.6843933074706557,0.10239084523472604,1.5459660010267213,1.4930011170133326,-0.7338822022261946
LYL1,0.33403367034548875,1.5432396294359105,1.142844067318073,5.301850490739959,-1.809465817250169,-5.493059335573912,3.5694901529569667,3.057747740081386,2.2337120832445505,5.16306170955182,-4.8363117084355745,-4.802613780133206
MAF,-0.8645483632253426,1.3634825970132027,1.065616696520932,2.9819781945800936,-1.6991375371282085,-2.308230630905522,0.20752204537633506,0.035373874219771784,0.6369083375944424,2.4670885358804004,-2.206213858763938,-0.8682383126236619
MAFB,-0.8052167853724906,-0.2336008922786244,-0.25637977131540174,0.9591545698010279,-1.9599294513033354,-0.9305179128699721,0.9387248860877868,1.286027205066297,-0.5670792599182415,1.543133243099981,0.706802943240784,0.6237399053061384
MAFF,-1.245982136214596,-1.0420179185635996,-1.4527081747999466,1.1159919636084217,-0.8901422275252646,-0.07008717643636465,-0.03889001562814305,1.143975624676127,-1.0243979615109766,1.8353530056371945,-0.20209317510687477,0.5564019717343309
MAFG,-2.258917797673669,-1.1524659789499254,-1.4862363515351031,0.22478545351510384,-0.30065186645123454,1.2792932051534533,-0.47471015208308653,0.3556993836882252,-1.135224362123147,1.671340184068272,0.23608139387437568,1.1430224658335175
MAFK,-1.160838327690457,-1.5431860493880656,-1.8132767142349162,1.6194878488061972,-0.023677850672370562,0.1333636608197792,-1.108649801687891,0.4759430993579432,-0.4175276717507816,1.2495845491389774,0.7608469799512706,0.43744182740927917
MAX,-2.66331553093783,-3.550688698973026,-3.9224082176005353,-0.1470030553942087,1.174738529184216,1.4779671171311826,-1.1051698701431756,-0.27414661862956097,0.18840658930442997,0.5812661999204636,1.9102426684882132,2.25758300149131
MAZ,-6.038352927091301,-1.7501662553509574,-5.458337172229919,-2.8121273353085128,2.226937022831332,1.4158289881110355,-0.9829319576779083,1.823704221236411,0.6426953129807201,1.9394708412971475,3.356205481044292,2.0634396439299665
MBD1,1.1993285213337948,-0.6521507788700378,1.8529701729505825,3.933028153723259,0.04776244845926366,-0.7801936828491587,-0.05821256708350819,-1.4182576330332728,-1.9108653748005648,1.1649933059787203,-0.8434133010056073,-2.4974999860386107
MEF2A,-1.9924124882668195,-2.29116983852151,-2.7338625794665035,-0.7673790945174583,-2.026114598954752,1.0460545597035684,0.8380712720562161,1.0639102097799888,-1.9870955352694073,2.2107916400151337,2.549516632671804,1.833112857564909
MEF2B,-0.39339683495230815,-1.090421740778244,-2.3162848398940006,1.302850010003904,-0.7550504521924123,2.111432595487204,0.4710311046541444,-1.5665255831201357,-1.3360728267364888,0.3909359556754199,-1.1669090838620841,1.0944748616139302
MEF2C,-1.3497863592677666,0.29113958168319304,-0.9461568500390586,2.4096186651509255,-0.32214121300299114,-1.5444270167342882,0.35614178908914945,1.662289408005136,-0.5901696972384782,2.325390997466133,0.05219146473276242,-0.6786693298728876
MEIS1,0.39435537378896945,-2.4390103680248454,-0.9636518806516677,2.301099262052109,-1.6503417908890774,0.7713414880019688,0.13015362688660617,-0.5909792894391125,-1.6772297230311766,1.2752223512294825,-0.2042716902874185,1.3916827750540275
MEIS2,-1.0750139699198158,-1.1562676499675593,0.3478241809566542,1.6708143805627518,1.163081679071299,-1.1630393999507707,-1.193251708140435,-1.1066191901345703,-2.022288330051148,1.879744262436201,2.7765702696582726,-1.221490662080109
MIER1,0.9199034259768221,-0.37629321486681194,-2.104492136197536,-3.007869247954105,-2.182530343631645,2.1496569366210365,1.7211614580500594,0.4458433083380632,-0.43721379739058974,-1.186565358586553,0.33058042951181105,2.1049395833822473
MITF,1.2466799637153625,0.6775827218682428,1.4602304356500109,1.1301950959709928,-0.600030877422357,-0.08651508042420802,0.050323456798046756,-0.4414308933139221,-1.114177990138796,2.3281680921552295,-0.8847129206570687,-1.2775661102650229
MNT,2.360846586331339,1.585703054902073,5.058037139207153,2.0091525970846607,-0.7550274358978841,-2.5197918724045842,-0.048566136333193656,-0.9813859623412216,-0.30908154675757044,1.4857410596813698,-1.0684226263539636,-2.9734772112864816
MTA1,-3.3871799930416326,-2.235563438967133,-4.99522744652393,-2.6731271637037164,2.2946596526119363,2.6885089791013876,-1.341875592574602,-0.09640135055012831,0.399826459846072,-0.9050650636473043,2.137813311295052,4.279025589149765
MTA2,-2.5804405566291475,-1.8912491243705163,-3.417240426213861,-1.553975500972833,0.7231661394572543,-0.22084902073758972,0.5656593585359699,3.062737304100545,2.212377707072627,2.2649060730491946,1.2155073568340498,-0.637899505459494
MTA3,2.722648551012426,0.4824604608941898,2.8795327007218265,0.14119300459780149,-0.4916116124759472,-1.688880121819382,1.697085191751319,1.1146494211281315,1.6392248191963457,-0.7659876236890222,-1.68106587597244,-2.5334606526011743
MXI1,2.8812400798217475,2.5387706879239573,3.13219486429325,0.7276767347434723,0.04667868868016571,-1.4317865988867495,0.5243172740859123,0.1154657267594595,-0.6559448535834604,-1.2619309209248448,-0.6653736573002181,-2.952970283913426
MYB,0.9727185575490668,0.1463852613156769,-0.0478155136898641,1.3369548549427923,1.3251228993038218,-1.857611775576295,-0.9683436493927826,-0.0068312943067043025,-0.774455578343754,0.20852316355236308,-0.056219925915039326,-0.17514832205175165
MYBL2,0.9739976096728291,-0.1908360617002425,-0.7333523327029566,-0.17689233897613846,-1.5179077046326843,0.052030433918936456,0.09854270558276727,0.5552475362558272,-1.4698126854147806,1.3395871930503698,0.2323132737917346,0.25796844896151977
MYC,3.7236641557624095,3.180578339339169,0.6639962185432027,-4.342197761476973,-2.9958763701693414,-4.665489770324687,0.721449721878894,4.14538580290542,5.696637336373821,3.035375461443564,0.03489395104749453,-3.163440511664954
MYCN,1.9720721239480608,-0.00892026973712345,-0.8459539285963481,0.5749400126574737,-1.5315302380881746,-2.184263199001309,1.3078940504530963,1.5467973278322555,3.3284829641070854,2.8646496674243385,-2.9053790253827603,-1.4125308090421245
MYOD1,-0.8145409843484344,-1.1230187134245455,-1.4863548249423226,-1.181593925217338,0.6180235976054942,1.1181827956719794,0.43885780278706227,1.6387845435302357,-0.9522934262006307,-0.8041183097702006,-0.2171861348052121,0.6605681440323777
NANOG,0.5072922067203826,-0.17790259692910768,0.3318498625729701,1.4758912465022338,-1.0131970790842677,-0.08256267285989033,-0.8272599320499007,-0.7148220983396328,-0.26130222090473343,0.9721515539461605,0.05675010251177828,-0.4781595945394577
NCOA1,-1.8727753785162253,-0.4020918424956845,-0.21825645196974083,-2.3817559369897476,-3.4216356677156647,1.254773176280847,-0.12889838914717608,0.962563599607028,0.7794711223170598,0.5106490964791164,1.5159375850960568,2.5871485303163286
NCOA2,-1.3137977549398223,-1.4323856091441147,-1.5471386044536048,-1.5068701081346063,0.19650218165447855,2.1549114246641574,-0.3683564445120765,-0.5354742541919251,-1.6791488837009036,-0.2936912496857408,1.7297841284768527,3.310216778940906
NCOA3,-0.9945768528580923,-0.15809146895519027,0.027686817765151736,-0.2528751231663348,-2.1686810619961627,2.9586277616075525,-0.7514827942992367,-1.947333125268101,-2.9150885998636786,-0.7194621958530182,0.14025048778234647,3.980974432186764
NCOR1,1.2466543826502128,1.0772014677533122,2.2497578246575447,1.71025096678325,1.8474899103306428,-1.6659278820930143,-0.4380796067449975,-0.6081142368473867,0.541747748930053,-0.07735888180215646,-0.9947562507878349,-3.010970888575291
NCOR2,1.4377781176152369,1.5319035667100833,4.508207366788242,2.7969248093547576,0.12766379294871527,-0.8355460302911434,-1.6122772937416288,-1.5208067659328208,-1.010858981656708,-0.3865347818516524,-0.8619569290989293,-2.3472974190221465
NEUROD1,-1.0284318573185276,-1.3328260501620153,-2.8029177914127907,-0.15501908669957576,1.1174897349283655,0.48383348999884546,0.7121965736677519,-0.9127674761525694,-0.8491973594791656,0.28555548644986606,0.7589431746765081,1.6123016463608932
NFATC1,1.5404255999981302,-0.7944329875867249,-1.9120708731325493,-0.36088047981929233,-0.14945469049618498,-1.5686065872253108,2.6200059446709507,-0.5281703059989827,0.05617823900712478,1.7132159390702741,0.29770932303995373,-0.7607321215451142
NFATC2,2.492478884441212,-0.8425909782856509,0.47000000635843436,1.0830202082713092,-0.28639616315188365,-0.9555748896035159,0.5507887118749497,0.6257273109295443,1.1009547511075177,-0.04475315781880597,-2.1413339366757005,1.148454309951415
NFE2,-0.44439232217512276,-0.8814307476409139,-1.4538389698456329,-0.039140864182920676,-2.1551794681970895,-0.15498601872631296,3.173051109149778,1.3833128923103282,0.49676827189306516,1.1141056704270624,-0.44850757242558253,-0.17218764059995767
NFE2L1,-2.6880454193566043,-2.4514141174259008,-0.8008316625605701,-0.6787225625487358,0.7248392595783563,0.7377147168407157,-2.1526671928835572,-1.1162002317532638,-1.7937164161164934,0.7007457659274852,3.997256775887876,2.2675613981831475
NFE2L2,0.3404446420793093,-0.3604722151957998,-1.3449242430586497,-1.7560733685368477,-0.34702035863313757,1.3915435674880579,1.1781595533512703,0.9873758454413596,-0.46549922991781656,-2.7709037168408575,0.894632499986471,1.2633426266092609
NFIC,0.6134134073299451,0.0882895128444108,0.1790339044566681,-0.29668508134826466,0.06793408511966517,-0.12573381301721856,1.2834484736297807,-0.7152611380319153,0.6536520762534668,-1.2103902292077275,-0.8100451032979183,-0.6803977720259142
NFKB1,7.954415543676335,4.745563721339882,2.014722713680322,3.3266854703968995,-2.2502393954639386,-5.098119485645996,6.458594454352337,2.915141047316171,1.079992736055412,1.7608042606636738,-7.775586078875299,-6.7570965057630445
NFKB2,-1.4124145010212694,-1.1384058060103093,2.1890922041380594,0.7560104868153614,0.3189404932362916,-0.28881085852407695,-2.5034351969277697,-0.9393945909480944,0.003118525946105866,0.9127734930634144,2.262811324823296,0.6711418975795326
NFYA,0.11190514167719415,-0.5628406373511825,-0.922139610887331,-1.159798293564305,-0.865443076538547,1.0564953505929267,1.2989534670889797,0.8189692764540768,0.9492065387464929,0.1447160513576159,0.4738423441411099,-0.3167337219843522
NFYB,-1.2871223996270864,0.25551655463062084,-0.18088559348219596,1.0241641309585845,-0.40696478982448264,0.3725269838126189,-0.480452603460324,0.2889190277425228,-0.06512726870478004,0.7977940866490908,0.8955611286299501,-1.2093058059458597
NONO,0.14773177362350623,-0.3834514014444044,-1.8485157739246203,-3.785537827893208,-0.32852926866360876,0.5696026879111409,0.48178799623893653,0.7544320149137977,0.9932392222634677,-0.13748926271717077,0.2532080962063027,1.6956800270804324
NR1H2,-1.534363439516748,-0.9881278504786251,-2.188014804741168,-1.3041128646486315,0.39923690200985823,1.468442343968118,-0.3465442661075041,0.7889798564914208,-0.027934724987878207,-1.149257019103847,0.2329314412000251,2.2043267630064265
NR1H3,-0.48516535744008654,-1.3998982767831416,-1.9973842832917592,-0.8924621782073197,1.141911626390402,1.5984403636565327,-0.46951105357667344,0.26213594133752244,0.007920056963956555,-1.1054893290041392,-0.12848431852732117,1.3223173208714163
NR2C2,-0.9825531663888174,0.3525062273162706,-3.0188845227762493,-8.099625417303114,-2.1931349811871605,-0.00541443054219545,1.5449138178781905,4.149889057503585,4.456110880852388,0.09578851413418449,1.7330043149553473,1.477840452522696
NR2F1,-2.6929430652814004,-1.4716589829161577,-1.706924371422634,1.7473625295033206,0.9203621410989936,-0.08830270891410025,-0.4417420184087238,-1.0113294578994767,-0.7312088599621733,1.6659461672575044,0.9654426863567914,0.6346779654999019
NR2F2,-0.30068915926653184,-0.22273298629019425,0.8309378657207727,1.053082023542967,0.7451243716375723,1.1114750906797828,-0.6557776467494549,-0.2458844037669387,-1.8555199307946213,-1.4803193991423087,-0.15157361101569672,0.6082171525296802
NR2F6,0.6873223808950947,2.167714455600335,1.1272741202010546,-1.354494122350181,-0.6643438842680577,-1.0736158211843554,1.658354255512548,1.2120265274236208,2.7565987725142644,0.04823893586681425,-1.8335470350823617,-1.2751850819958543
NR3C1,-0.00574113620824683,-0.4775624638071526,0.29242126420687753,0.27012879404906953,2.1321440385886126,1.574082361701692,-1.2614115256115486,-2.07547561656749,-1.162494623302922,-0.5044957151541468,-0.8219669267244565,0.06626981489603641
NR4A1,-1.4339541393876367,-1.250855662679023,-0.5232566016660626,1.2533703427342808,-0.4777336344436738,0.7841672138760463,-0.3878753462046007,-0.17774652004776012,-1.9762302592738086,0.1385726639892856,0.9839657821511542,0.8029197406943916
NR5A1,0.698791007876515,2.5281220737277708,-0.10356794376774194,1.0934700090547864,0.5584787661229219,-0.5737912145456323,2.456164586463008,-0.30956850797492647,-1.0459580199815093,-0.5196885785635265,-1.7768659717059756,-2.926851501876478
NR5A2,-0.18543825583057333,-0.845176003696592,0.7194548383813998,-0.3371197446231188,-0.4865144606636974,-1.7269215613528035,1.3873098766212992,0.7116249686176681,1.4970102114007497,1.1177921795761574,-0.030230348206433874,-0.49349208276743856
NRF1,-3.58320420163383,-0.6641674432381114,-2.135007489491042,-3.6885253820288697,-0.4043748540110838,2.4030378797627225,-0.8195207293110135,0.9892753502506701,1.2521286290407465,-1.161266842984967,0.845863728055312,3.66183587753947
ONECUT1,-1.384751396495333,-1.0228544878368635,0.544029110781693,0.6500891798042524,0.02164780531677902,0.09255939398365083,-0.7014600961279952,-0.9778597416361484,-1.4435534395335166,2.0848536325120652,1.327008271785224,0.7884465611707435
OTX2,-0.8518172949024605,0.14702610249222092,0.16081982798003722,2.8793138717926308,-1.6394615829629133,-0.43923535413089576,-0.39981993100006535,0.8900739426198033,-0.5136379308779015,1.4308906028742658,-0.4680550270239586,-0.8795514972992967
PAX5,1.716392139575214,0.9893312206054402,-1.1703729103929292,1.1086078764647238,-2.1071579915857015,-2.001915769704559,2.686537684011253,3.0633520050327565,2.1157252728069764,-0.4944422243903024,-3.445073484651796,-0.6404507653287645
PAX6,0.16441256356737896,0.7536244033381005,1.2880668231924906,0.7067405362357085,0.04266863533578762,-2.8454529222498746,0.2991508806559213,0.7627092564400634,1.145289962882738,1.698039146796092,1.0402536131744784,-0.9832593374350531
PAX8,3.0391036357693673,-0.31574648145702405,1.1552638441191303,1.260911918175399,-1.4204984937471365,-2.5363558209300177,1.6502276112312155,0.9262206905714987,1.0953976522258544,1.3097402371966387,-1.5936806420242013,-0.940975517387044
PBX2,-2.0339864589996393,-1.9164857622348583,-1.805721766966279,0.5236683451891483,-0.19854709116507208,-0.16690081195913478,0.2493290667252091,0.30193901584842775,0.02759197697223944,1.2578968738479197,1.8861280019638997,1.1418465984683888
PBX3,-0.7021616117262988,-0.300587057961814,-1.9438740876181397,0.7744695091242731,-0.7825728533078773,-1.5460111095447602,0.8764946222650583,0.12770523703126496,0.06567004937804939,2.7507258960330363,0.8384945745993274,-0.1113230161725043
PDX1,-0.8670309255366369,0.48675913133199206,-0.23663832866832454,1.1985819360438736,-1.654556019867375,0.2720568520520971,-1.9868555763895561,-1.285387351003683,-1.5603720763222308,0.6799358991394323,-0.28639834460714314,3.4282338874252605
PGR,1.358517245645038,0.31048281209201756,0.36390394471941523,0.28424535599236517,-1.942289244812262,-0.30535850019398136,-0.48182319033493254,-0.14114620362273242,0.3365956464110905,0.9781812634727125,-1.647729011390453,1.516378719651275
PKNOX1,-0.5780125283035858,-2.5661986252096045,-1.8151734731043885,0.5952198996543748,0.11647729804032257,-0.7701708811934427,0.8243468023476342,-0.6853850637561955,0.8748228707074615,1.0584878073226998,1.934479327487818,-0.4281108962030368
POU2F1,0.8778324400763533,3.0483229083426586,0.4400173537839205,0.8194708949954083,-0.5231691879309595,-1.9130779600184593,1.2566152756559699,0.42078615188318264,1.4228918962189656,0.1558178431723353,-2.4049191301528414,-1.2886205076432513
POU2F2,2.0792470258727493,3.174829063771197,1.236037888767067,4.128418408427007,-3.1752061424261044,-4.825129753383543,2.913228162792547,2.483139993011172,1.2663423956002113,3.7051249839837967,-4.15252437581647,-3.998736388642424
POU4F2,-1.6940905508517385,0.8267728872852597,1.1668664632150314,2.1305361362286006,0.023109961733166373,-1.846145442565756,-2.119655313686425,0.5289084893625182,-0.4463022202235693,1.4793010316256539,0.7275197510771251,-0.2614938505848277
POU5F1,-2.8228921887552048,-0.7005598230529602,-0.37055199727815225,2.116235809348073,-0.20269229762684363,-0.5766992045960265,-1.7307896410895318,-0.3824711126458455,-0.8619284043281933,3.641422895481433,1.7164966463140812,0.11277997704718791
PPARA,1.8932244930069595,0.6983137845418647,0.7110077188988088,0.8670700423368182,0.5714545789767935,-1.2916399724413896,1.9252789905144196,0.5050745802805492,-1.0832980555030751,-1.3594538050907679,-1.051672876273652,-1.787056588792388
PPARG,1.6951068900240318,0.45590331323395666,0.5533203897141871,2.3335701200360495,0.7300767818424186,-0.6457550565113448,0.3615236476348076,-1.0824989975388466,-0.7484204244292161,-0.030383748417323577,-0.41486466502911923,-1.2553504948084004
PRDM1,1.3103444849370507,-0.0965013378555089,0.7481246168473257,0.886586290311091,-0.07581590058742219,-1.3456401615384495,-0.09471214789712427,0.5765015596934789,0.12730747954595933,1.5563536926577757,0.019480747627702823,-1.8893555106515447
PRDM14,-0.383073071068175,-1.349671581808549,-3.0693639269944315,3.2287824903864304,0.6688775954000724,-0.9161726610957668,2.1011442858379836,1.1016938154819116,-1.1455907341995926,1.9019398134762608,-0.7919701675932983,-1.7230614987431374
PROX1,1.5951100639240035,0.005502388102227636,-1.3035098808845926,0.07967868889195492,-0.7442008270831064,-1.5975422977363483,1.37034900121356,0.6793354514052621,2.2999271301028053,0.6715272740614827,-0.3026438443836895,-1.3579337998200423
RARA,1.1766900045385846,1.9572421575466852,0.8980603482063779,2.0854990166469984,-0.14306623341245617,-3.7096497192592497,2.816275418127191,0.7130778924630278,-0.7464963007266942,3.952065283372613,-1.1402360711119424,-4.123709869956295
RBPJ,0.8250501640636089,0.7140907729522481,-0.31459089355124287,1.5129494214063985,-1.7495644486389752,-0.27081559742874556,0.6622539210920445,-0.09215324703928866,-0.9277595668310606,0.8645804342265876,-0.5893536535430678,-1.1808725725826215
RCOR1,0.5973450752693913,2.098881356885669,2.572056913637189,1.8275237998862408,0.9266156188735857,-2.266585312190423,-1.2422733348857324,0.704565375712949,1.1885277688460327,-0.3489253035298692,-1.1470026020964128,-2.440259596805857
REL,4.293439595365435,1.1033436928322617,0.45887701341948467,1.824762844973509,1.2205933415208856,-2.928987913651086,3.566981806375629,0.6079930368058115,-0.3462373184181942,1.4580457511657483,-2.272055331606475,-4.4895744814370815
RELA,6.727417027696314,5.083776485329164,1.3926485564915865,2.6016682629261867,-1.7923769664057168,-5.471229473913185,6.046213588727436,3.182168134858222,1.552082176084102,2.086046577831282,-6.251740740387821,-6.422494489349592
RELB,3.435758132952646,1.6948608661646485,-1.629193453654053,-1.5189411114739926,-0.5628546001571589,-1.2958079377343457,2.9662624168855514,0.396476640874126,0.33526657641559754,-0.05361918935587385,-0.6512075542007228,-1.7608564519267584
REST,-1.9073162754372297,-0.7645640809256526,-0.8646109514946423,-0.6998299375724248,1.251139139945803,2.0941546574418766,-0.3572247123163696,0.17258700579428593,-2.0749055363648274,-0.5465405409878614,0.5799111997914862,1.3881381028377593
RFX1,-0.9994432510556812,-1.1872720962812842,-1.1930767557330337,-0.7504798215027491,1.374985257523422,0.58936550606895,-0.29191616494896694,-1.5826634291204056,-0.0910075311831546,-0.21957735198486678,2.4899646689445074,1.0251215326897503
RFX2,-0.8272686503402824,0.46919753786303076,-1.588960435334858,-0.8389979429830352,1.5103915242322608,0.2571177059493537,0.5010611222966761,-0.6486582398533208,0.9335014131066426,0.24958629619877715,-0.37658026776370296,0.708381224111908
RFX5,4.141952876126733,3.434213165104673,3.0660407738265154,2.940269620573558,-4.018633962908879,-3.512655713396283,5.527932998793181,2.9285602312250187,0.06754913608915357,0.4281265573865866,-5.588569743579708,-4.027072487322852
RFXANK,3.6494152737493897,2.8533111135563956,3.244515585976045,3.2726740772591314,-3.5473611626113177,-3.476845013738693,5.113703621783775,2.30533110537993,-0.4771731201956656,0.6830402649921263,-5.188635474713044,-3.9452015559609483
RFXAP,3.6494152737493897,2.8533111135563956,3.244515585976045,3.2726740772591314,-3.5473611626113177,-3.476845013738693,5.113703621783775,2.30533110537993,-0.4771731201956656,0.6830402649921263,-5.188635474713044,-3.9452015559609483
RUNX1,4.5897320317839005,3.6718068392576533,2.29284217646092,2.4175569236276826,-4.700670730968146,-4.108872384872123,3.7462318996832895,2.1998027892199414,2.3283856771881544,1.7790465949427856,-5.356801310974207,-3.3127672062031492
RUNX2,0.2744038803268588,0.1682408019560079,1.247401117472769,1.9081344411020813,-1.382629469276761,-0.6004762985708492,-0.3358905919019762,-1.876353214412653,-0.7643728560752793,1.9534012925056694,0.7186821338565097,-0.5525642774620653
RUNX3,-1.0426376425609927,0.17917050267410964,0.2947084493469969,1.8915838648743672,0.24516948991013887,-0.860323534382347,-0.15300244466945825,-0.35149377664073445,-0.251042984609429,1.8702653984683058,-0.5791623245164127,-0.8824642687845854
RXRA,1.7026468716223424,1.9899612995621545,0.6445229950968379,0.3614900763261233,-0.1198620696700187,-0.521051986811032,0.42886928814749437,-0.07688644588144017,-1.8891721013112404,-2.4292038087060304,-1.4973473432213558,0.7164854948581142
SIX2,0.3389747203334534,0.18834696154440303,0.42988266637163697,0.9787915702813793,-0.621911852079535,0.7571036286795169,0.7250267286674775,-0.0019078380236664855,-1.2464013664156666,-1.1731649718664579,-1.645038959055935,-0.19575227845019585
SIX5,-1.9951070496829648,-1.4569542310639425,-1.9546009144735434,-0.9972779220074036,3.422459124451314,2.3744456566166674,-3.2146076600008877,-2.728757113088412,-1.088808921166973,-0.6694303194901732,1.2426071666829488,3.113400674566882
SMAD1,0.08453328580612822,-0.6815538272688036,0.07691625026085212,0.6753547417457014,-1.2135261770612733,-0.4929687663836929,-0.06932427152925884,0.8364534901524712,0.8417066914725376,1.9953728052089057,-0.6343673138655246,-0.6144352380999875
SMAD2,-1.5048062560007387,-0.9679830195484546,1.0013799460312647,1.2520121994163267,-0.8805894401050319,-1.191541762645228,-0.28333676304010136,0.6137754241713701,-0.1748103755598314,1.8729189710929874,1.7047988091552546,-0.7784905883720865
SMAD3,-0.05693827612672133,-0.687445418194107,-0.09375154892840243,1.0978621817058438,1.2210033970789214,-0.7214721418148095,-0.952758937205715,-0.8038859132441891,-0.7211403268861183,0.4474697562036115,-0.03356717032485984,-1.1283618155130308
SMAD4,1.5634491078491517,-0.26486567563604135,-0.30131241236779743,-0.11961917843735659,-0.3580940020791987,-0.5239626070623025,1.3830744153348065,-0.39128058652362174,-0.10560913591045362,-0.011567735043667237,-0.9802005672935643,-0.5793417488200016
SMAD5,-0.7504296840180565,-1.1186545147347893,-1.090874263882036,-0.38478243262905454,-1.8296839708051982,-0.46008831565889474,0.7187091497538843,1.2661797819732423,1.1892722941962595,2.183070389089977,0.8531163796171656,0.60732906558494415
SMARCC2,-1.913032558925699,-2.376513540158556,-2.419803395877879,-1.9920124537861135,1.0232733803114589,1.3667389701312416,-0.6418784207991561,0.9032479112378808,-1.2260184516838502,0.3197477422603018,2.1027900728245377,2.01460556274134
SNAI2,2.6577733078152184,2.3348151738359895,3.3625446040786513,-0.6191047383950706,-1.9437264050187857,-1.037581964486479,2.218196090348407,2.711458817401901,0.919236607542339,-0.934576782700041,-2.5798527976035515,-2.4855861230132987
SNAPC4,-2.3193510628508744,0.5169866835764547,-2.337658223288745,-3.698449733319457,0.5233143908850828,0.5602359035527317,0.1881450230046707,1.8302715567123682,3.0291776539197124,-0.36086144761182626,0.08127699528541664,1.1375273951105134
SOX10,2.383159346185105,-0.17930555800374576,1.2294615688189943,0.8508438569791282,-0.7279945823416947,-0.2758795613175162,3.007182665962337,-0.7784702680229694,-0.9012150751853947,-0.07611997001687566,-2.6142730406884946,-0.6708270175895826
SOX11,0.8335081288485648,0.7826112426121804,1.1138030117132312,0.42061379161212875,-0.5522532057568559,-0.10526884912420878,-1.1679613689151305,-0.8697452948924921,-1.1001861733385154,0.8957558248763523,0.05310866581989755,0.2076217206298314
SOX13,-0.07448560065548636,-1.7517928239490481,-1.7059238458290342,0.2962623936797405,1.301097928242285,0.7479463153228512,-0.48857350199809063,-1.3412093573164119,-2.04600975542923,0.6617259939693557,1.7693703438926554,-0.3745136853198347
SOX2,-0.7139625592922454,-2.1071263207488675,1.3989053795993123,5.4027976333689,-1.6980301871647852,-0.709257659344572,-2.8184112500148335,-2.200358085197183,-1.865890609467634,1.858552386598163,-0.6801259290791278,1.9281494577608007
SOX6,-1.2395753779186336,-1.7859444846495718,-0.16681468370559366,0.649908891742539,-0.2653120924772067,0.7534794702882387,-1.878128458501896,-0.3870061634019697,-0.8209286542470087,1.9241346735098876,1.607738233660289,0.664866487854468
SOX9,-2.472642191084938,-0.5567107096337554,-1.0478525519225077,1.4416189708012301,1.0638935370281997,0.5143984999906211,1.2447432644056793,-0.43355548546155126,-1.72327522513749,1.4519724704928176,-0.26327578291567705,-0.2829669072939266
SP1,2.768751070646884,2.935565794078953,0.4011682679750509,3.89295600512177,-0.36032982589444923,-4.515420028896745,2.9955150259178476,0.3454146802169336,0.40353523380473233,2.4148656029689657,-2.163410955029966,-4.0206702859519945
SP2,-2.2936215735449954,-0.8262946914074422,-0.4454036211368374,-2.0345542220062036,-0.7176056739318565,1.0263784109314995,-0.3988399332067581,1.05760305010526,-0.4539188222481123,-1.0488787577146441,1.2406800264337083,3.774081758532933
SP3,0.17242867372792528,2.2238943880851885,1.6653405015811016,4.528433898315681,-0.5622243362400359,-2.2909604805562855,1.7126111649276794,-0.03467658846087583,0.8054817492204317,1.5511658559041066,-2.9064041304931374,-3.884268466281242
SP4,-2.103914671601072,-0.9838373253606785,-0.37596011382724254,1.4643353242551402,-0.3348233018513163,0.38770617603106367,-1.0675666396862524,-1.216122279816328,-0.05341580198131984,0.7423018697052233,1.6392070295605217,1.3078843505973252
SPI1,2.586674557932201,3.719035184690755,2.8121779799744147,6.018380466132543,-3.2599077014034235,-5.227032311257673,5.257229540662097,3.7177633508816488,1.694610144362599,4.180386422658458,-6.190561500166194,-6.801654793633969
SPIB,0.7387897920131278,1.9155669164263398,0.14271730606708008,3.825118403393766,-1.801988698778337,-2.469616801403781,1.4873768233527258,0.995659470903969,0.5656370731970971,3.0223826523942328,-3.613989338130157,-2.240535008616001
SREBF1,0.3742419646451886,-1.5317504242511013,-1.6993669309686508,1.2593807469687237,1.25424473327735,2.1858923089451134,1.3086679060652406,1.5502196900994978,-3.000103838990245,-2.923782107121232,-0.1588283364963228,-1.4838233303363024
SREBF2,0.10707022937961125,-3.307398744764011,-2.3074736977106696,0.1649003377218652,2.610646203777603,2.0561117031553753,1.0009102760309918,0.3818203657653316,-2.566823687654913,-2.733125640308665,2.074926094627329,-0.7842650990626081
SRF,-0.7194909983696075,-1.0579618550353735,-2.721350121459977,0.26994799901653194,0.6303072986130689,-0.2568184685441608,3.036426282563204,1.0213844742397507,-0.9289185415614472,0.4173358385925838,1.0798292269234946,-0.6895604200129065
SSRP1,2.344989893468346,0.6783098958053361,-1.5088316306537262,-3.7221972700908954,-2.181938689833479,-1.1072527672846073,1.8351033655357463,2.1195132549644016,1.9155387584264842,0.5518970010174924,-0.11916410521246243,1.0713210399597697
STAT1,0.817654969001198,2.966000805106477,1.5637734162259351,1.5946861287688059,2.3271229190880716,0.3613267826416191,0.6716199944148373,-0.8941641715000334,-2.6888111814040485,-0.051258336071923566,-4.4721009454195935,-1.229820405935646
STAT2,0.6529467684610731,4.5092611090511765,3.914984411947589,-1.5073768399577052,12.441200246606341,-0.9079324991525787,-3.10840011601721,-1.294551703879282,-1.16798107165006,-2.881783541513189,-3.8648352967087907,-4.0196699999864975
STAT3,1.4187113111983514,3.2376745499760706,3.3474841691527497,5.018139177935878,-0.2611938010242438,-2.3569107573071175,0.9809962236788132,0.47957886868164795,-0.37733839292722415,1.2732775388747108,-4.354143517248882,-3.9806062159819464
STAT4,1.5975420380539842,1.9565413686109199,-0.06196958704089879,-0.4733924720777514,-1.6344068673622503,-1.938406386139627,2.505451354561347,1.1267436627920828,0.7670644056121205,0.98497454384067,-2.0003423047166273,-0.8800666240667498
STAT5A,1.1485021626758811,0.5701584252962805,0.3299617762141291,0.6862721899582976,0.2709044526977797,0.03640121350562581,0.5305645036392597,0.028128029807753353,-0.047399284937541836,0.08404645194232072,-2.141528308055151,-0.3709565498480555
STAT5B,0.3513613654028562,0.6401289130905894,0.9734225580753976,1.6540718445329,-0.588245246313098,-0.5184831752350963,0.3721318946443933,0.5591274489817458,0.5172345800924681,0.6793148860114312,-2.104875303163576,-1.1092811127249924
STAT6,0.13468093800070235,1.2634027386708822,0.6402800033536968,0.6403965366404362,-0.19261809123968862,0.036348940942703016,0.2974343997846318,1.827073659941824,1.0887910472919384,-0.08063023364731307,-2.091594946258475,-1.457785634938224
T,-1.4525660898318924,-0.9776127348873582,-2.4792977754712164,0.34577430518162783,0.8233605212207237,-0.6780867147662373,-0.4628155169086364,1.193272153998139,-0.4764323135832541,1.1386357523517416,1.5398895925096716,0.8899958166540606
TAF1,-1.1061782348510105,-0.6716893711507101,-2.2792775132299417,-2.4244846445980888,-2.4817698903393794,2.761224904427938,1.1104593076037983,0.03419565740377877,-1.0321308654959598,0.18581897120294216,0.3235298496383282,3.9066197939778586
TAL1,-0.19290669502217186,1.14714255723179,-0.32760869580286844,0.935627571047802,-2.135136424081557,-1.031608474635586,0.9142395617329324,2.2060540845118597,0.14095794547769072,1.6483714731408914,-1.719696670010566,-0.0017966621958039014
TBP,-0.49755340959798117,-0.08491489559438749,-2.4656993224006296,-2.010534393558747,-0.27991616556121596,0.07646536077179823,-0.023194411844151774,1.850874408362394,-0.4961374416596551,-0.16500625703751148,2.099554362185932,1.0139031280847668
TBX21,1.508875458717231,2.811794381489522,1.5813381686143586,5.201134228127223,-3.5564034768908472,-2.42649346276018,1.063649712943706,-0.3067321576169288,0.5302276291354204,2.5657589312221503,-5.02138951053993,-2.521039276182181
TCF12,-1.1411966865872687,-3.0924028919155955,-1.9622280065297528,-0.7097415322425743,-2.537624130183964,0.057676469368546174,-0.9809418221902805,0.924618731116108,0.3378080604150917,3.3724343380511956,2.463335829198988,1.0821755025024453
TCF25,0.9842472340040822,-0.11886110209816207,2.7678894526771365,5.816679390107691,0.7971708949581514,-1.2631018556400149,0.3218402234718742,-2.861963073002513,-2.948731617777345,1.5693923707648383,-0.6518727196900441,-3.337635142033518
TCF3,-0.2915306998368372,-1.2247089079427866,-1.4931333495067578,-0.5063384210133364,0.29855092351021123,0.3282755894751706,0.15862626839872057,1.2119165757739858,0.6938628115119274,1.2029871830773184,-0.448551359455437,0.013234052641931998
TCF4,-0.8138226956821938,-1.3786546357155443,-0.7284088495271489,1.5545773199314032,-2.485566474012184,-1.4144675649108938,1.5787520267585784,0.69547470504389,0.30343737005059934,3.5926341310900884,0.8647600451424837,-0.8492195664333004
TCF7,1.2129416778408364,-0.16504153080170572,1.2487789531954647,1.083124153715551,-1.8072921596905844,-2.418191908602304,1.6848364608257358,2.410782560037763,-0.9030781805951245,1.4613795806279435,-0.09063918007862885,-2.442638209678774
TCF7L2,0.8540814864431423,-0.02055544743452776,1.0226190254718501,0.5576534357773042,-0.6373941054074942,-0.09978461728417161,-0.03241423087252057,0.07240051911947595,-1.1870459916816278,0.45594752307299125,0.6544581829992058,-2.310779990183831
TEAD1,-2.972202807310877,-2.295805810346827,-3.40292991270385,0.578489814880727,-2.673875424664164,-1.1675117059485327,-0.5298350127392187,0.5607888861228093,-1.4701293751707507,3.4577482377808404,5.157692178497686,1.5069491689323316
TEAD2,-2.8142497166176517,-2.9485596479580685,-2.3988034413432997,-0.7989753471364636,1.1832356953371095,1.7919272988701926,-1.6891032112452034,0.5589540162390982,0.0021277025316778784,1.8687933515294495,2.1864602038185006,0.633796416007334
TEAD4,-1.2846454051355292,-2.688546005252638,-2.5375149678703655,0.7281243361726003,-1.0327646171502245,-0.8603971735348669,1.2031269117470218,0.5492187870903154,1.3056330158101492,2.8766374656798344,1.5347205505101165,-1.4070306982123744
TFAP2A,0.21437220911199206,0.4630764444626563,0.05013149997977198,1.6110413568782205,1.6172155849174772,-1.7232059418971113,-1.6239234738835564,0.7860694355042782,0.9660944987203012,0.697775646331144,-0.6327374583875054,-1.474657202616414
TFAP2C,0.4464107326804768,-0.13169972969909852,-0.7236230414069305,0.42452536323666795,2.21798162559773,-0.534833954806621,-1.491269870460722,-0.5831052288450682,-0.8063350597373887,0.033956361234645134,0.8029478036507539,-0.4035496646497464
TFAP4,-2.9803811165428047,-0.4266631397926767,-1.6085336300566657,0.0988134921564073,1.86559585755124,-0.4970713322534951,-0.9727544569850101,0.1715219908243169,0.9465227598743112,-0.0070766136165808895,1.4554845862558692,0.07987959559932482
TFDP1,2.719712634935401,-0.8546836649999113,0.4964579003029275,0.5898745656164261,-1.5061848024860445,-1.7007583123724737,0.7109533770295839,0.8591450876040817,0.5112770793249328,4.778362469178978,-1.1149913595542837,-2.2050239026730805
TGIF2,0.6830961174913937,0.10096599995511257,2.667228825087177,1.9970549589222522,-0.06878059936511853,-0.1663658196164205,-1.2155895818152658,-1.2305689328533953,-1.0448404399659454,0.20336935162553646,0.33649180805672835,-1.2557110791032018
THAP1,-1.358369150353796,-3.399384220880185,-6.011581654381608,-3.0280894616074723,2.079343472651302,1.312287918028474,1.5211307548152069,1.5262517072277644,-0.33087190589322013,-2.0669101592149395,2.463738907595729,2.05179008932892
THAP11,2.647029783636132,0.9061577366546151,2.906719916806601,4.765291764694632,0.7527625180451633,-2.924814101136793,2.015618429738745,-0.5821947776190929,-1.2055855526945207,-0.895430823968983,-2.3225410330235743,-3.0008812620352368
TP53,1.0397731123041063,-0.0036301607376458484,-2.765917325649509,0.6759093523230465,1.5565597879099293,2.6797469693492832,-0.15646709628255456,-2.126385836035105,-2.6486252640731647,1.0298047310802922,-0.7230331301423244,0.6892114238503237
TP63,-0.15427052213744288,-0.23378037867092394,-0.9492199785323956,1.1623379004077712,-0.6451823880559149,0.6701382861841366,0.21197118924503566,-0.46084836495293124,0.3725888496358319,0.639272268818757,-1.3225944793955315,0.4123715169749399
TP73,0.5336411362074932,-0.795590850898588,-1.046162468225251,0.13381614692940758,-0.9046609972719399,1.6521086742789242,-0.062346127711963746,-0.6263601072935319,-0.8527580134555147,0.5603802264798753,-0.9048856415023419,0.1522931657745423
TWIST1,-1.0544962293164235,-1.646225660818828,-0.8361860972551222,0.25794685226914676,0.24932499041834286,2.0642540116518333,-0.8745536504512909,-1.6152937902181452,-0.405276716711017,-1.0747296308893808,-0.5375541155557179,1.9307282842327804
UBTF,-3.554219273053388,-3.0930521012193313,-2.800400478206476,-0.9369847187520763,1.1514487648911615,1.3416559601141513,-0.4078959434824415,-0.02459279838327746,0.17957692751971313,0.7655118407297462,1.2591467642378995,2.433831149568201
USF1,1.2362299243844939,1.372740185456594,1.4911361485481092,1.367655402590893,0.5453127798769893,-1.3381463565708722,0.34416793709400473,0.6882506253782842,1.660315638964863,-0.5748907906505354,-2.8964383900075616,-0.9380626206074638
USF2,0.1768740500595447,1.2410559839824047,1.3961800698570832,2.5796890359236246,0.43837141396672435,-1.3708695086214093,-0.3330887238945927,-0.2932937093916094,1.1312874984145567,-0.21196842084119716,-1.7646892359812556,-1.0554485873892683
VDR,-1.4501768784855282,0.3637570395718273,-1.1032278513894733,-0.5277271368018557,0.9589887059240495,1.1070051885063992,-0.06306937199239067,-0.10122138064257255,-1.5073789026901785,-0.30162445805157395,0.7061730305958035,0.05109104678644934
WT1,2.3738728648191305,0.8357939992869934,0.8758327617801631,-0.8538363451242953,-2.220760570627466,-1.7114985682009611,2.1126972333110396,0.5419593399694981,1.5813525179486527,0.5288301325260181,-0.4350872808309895,-1.4866843704718002
XBP1,-0.009439388527933251,-1.2734495261428476,-1.3881763284840811,-0.6972706620485954,0.021504324516131348,0.7436141553089137,-1.100893757711263,0.8880748115084345,0.3487151571962633,-1.2696545169536138,1.3278367636872892,0.2808937327205058
YY1,-0.3521430500010666,0.17505636816523218,0.33709688386566516,-0.7042203250774114,-0.8814901384139914,-0.49259006687963836,-1.131434599706939,-0.04642420254342045,0.48958279410761363,0.3116799929888705,-0.1251385550386485,1.1881450015479726
ZBED1,-0.8285170390491933,0.7062226208213592,0.061586287858876994,-1.0912472995277693,-1.0217948206546472,-0.253628049732541,0.41968508521128506,1.0597903550646979,1.857107169917064,0.22338775745743406,-0.8968149433945941,0.48293621080566634
ZBTB11,0.2171886033587152,-0.2626915344818586,-1.4327194946127104,-2.654175100500988,-3.8821733356627037,4.07468067093314,0.6045308629179227,1.1275644872653978,-1.0304366915277756,-1.413204236211549,-1.0217136193404175,3.578360094868867
ZBTB33,-0.5518984817953593,1.4466752625693342,0.7341512308815678,-2.3474048458503054,-5.325959072026467,1.4538808118045699,1.1716363084209267,1.637544409705673,0.46239645219947756,0.4767780857449843,-1.3056683063151047,2.6055585868136024
ZBTB7A,1.8569062940474381,2.5902374718604757,5.836409859512981,0.2087904151217882,-2.2071499690160583,-0.5612614526052434,0.09528843293216917,0.3276799452582087,0.572777678614644,-1.229118027118083,-1.7066875994154593,-1.6146210397650114
ZEB1,0.7604823190329005,2.5051768146742788,2.6586672835717864,-0.6360108751659942,-1.5067123796595536,2.302561365685805,-0.759789583413411,0.6428099557300799,-0.906590348689908,-1.8549523979830613,-4.021193900373158,0.4436086657196867
ZEB2,1.7063983089348753,3.581095879628028,0.34878535664164967,-2.6036890614768726,2.215290542644278,-0.12271868238661034,-0.30943394989999684,0.056631254874867934,0.5586648174745864,-2.9059532633121594,-0.7537649413262664,-0.4562125836653772
ZFX,-2.145432551206217,-0.8270504554658463,-2.87043987294782,-3.3494693488983893,-2.1956843021356414,2.688910707035972,0.1575766495079478,1.558027379714254,0.020060154179109703,-0.8250296247859201,0.5390655741969723,4.420944384801491
ZKSCAN1,-2.2797644098680028,-1.736804439151193,-2.393311317060464,-0.31484502781028634,1.7989943950054874,-0.3238196320697026,0.2616871151410383,-0.45128486961300346,1.0871991213486634,1.646783933929266,2.1015448304689097,-0.0928617664141699
ZNF143,-1.4415111597178754,-2.422935103901154,-2.536935935081081,-2.07491239694778,-0.358529598686133,0.8922742442643136,-0.576149044870225,1.1464367059923495,1.5749397162014613,0.8982901979941201,1.4520019241926938,1.3878274725360886
ZNF217,-0.7039256866798838,1.132258729324836,0.36027951259973223,2.1254559972774323,-3.6228513276145735,-0.5403223512051787,0.1933250200942741,0.671564678956965,-0.7451750606907345,1.9152668908449146,-0.11231064832040474,-0.8371735222107509
ZNF24,0.271465219841587,-0.11893620724609337,-0.7780447112458041,-0.18992382102285482,0.9135744960964708,0.7869098186474318,-0.8051605676822732,0.15239694672981635,-0.6422823923094555,-0.05137792808345311,0.9210536412502881,0.036146290450798126
ZNF263,3.8336950835831605,3.8356930295578904,5.687258122844912,-0.8434887433845621,-3.882056563455851,-0.4342211526378504,-0.9455473181973647,0.07700976244595722,0.8810446753589043,-1.1823463016203102,-1.9297151946086137,-0.6580603682153146
ZNF274,0.49901948112009775,0.2707951962569642,-0.4038764853382675,1.5702656109374067,0.2273041565629623,-1.976659244065838,-1.3125698564364658,1.2491288777692393,1.3411690186325083,1.2924284689651058,0.10644306655711412,-2.173929992794411
ZNF384,-2.198204417455843,-0.44852747096756257,-1.9281437957860057,-2.170595005379573,-0.805639953782106,2.5335399996642183,-1.1619648288354312,0.11762608742958659,-1.3780795536091406,0.9988571823641405,0.5084882616333638,4.060585370451867
ZNF592,0.40292549565087843,0.26027952461057513,-0.9035148343156072,-2.026642274092276,-1.5134306645548368,-0.16275209918327266,1.5359098005229508,1.9439813876371375,1.039827343832612,-0.3837358886665324,-0.557244726020602,1.2603719990719287
ZNF639,0.9893606765250217,1.3491376859828643,0.21111106997627133,1.9149580463439109,4.400530232465942,-2.417974755367841,0.18587556302418734,-0.9414900424122505,0.03102511138196181,0.6442601333299071,-1.5660605703623514,-3.571910475008715
ZNF740,-1.4257728195248212,-1.1226256179960947,-3.3210933300226575,-2.51273561375823,0.19089820858108356,2.55308752108143,0.6942342096140263,1.3607531001214972,0.09466514043005714,-1.5102532560312814,0.08659518855140971,2.845300436356856
