tf,CK0562_CS_Bminus_ni_2_S1,CK0563_CS_Bminus_ni_3_S2,CK0564_CS_Bminus_inf_1_S3,CK0565_CS_Bminus_inf_2_S4,CK0566_CS_Bminus_inf_3_S5,CK0567_CS_Bplus_inf_1_S6,CK0568_CS_Bplus_inf_2_S7,CK0569_CS_Bplus_inf_3_S8,CK0570_CS_Ctrl_ni_1_S9,CK0571_CS_Ctrl_ni_2_S10,CK0572_CS_Ctrl_inf_1_S11,CK0573_CS_Ctrl_inf_2_S12
AHR,-2.9226108931818815,-0.5498346700042681,-0.4773453140875733,2.4787875977998834,-2.7821593826385462,1.2324906373889064,0.15810185215230316,1.0758668063810657,1.335571388211579,-4.800996420284436,1.7523630880199084,3.628376697537914
AR,1.5808770059120807,-3.413021834855718,0.24416633951244215,4.985539657223778,-2.7686969694183974,-0.3792762546231725,-4.432353577776192,-0.6714049929734328,-0.07078299409124164,0.2772641134283978,2.0049264601732473,0.9612661608225205
ARID1A,-2.5214454756555322,-0.2760441557143771,2.0255700215055845,3.663219347452019,-1.93416017622065,1.2340715942254794,0.19742333518654645,1.9321558010522613,1.2377471540403595,-5.148360440213582,-1.1530067581886712,0.5270371407008373
ARID1B,-1.628569907600516,0.6186507412763115,1.7244521404261335,2.996812330696119,-4.090575016497337,1.826547184441285,0.9555738827453272,2.0823188810046855,0.8376138723108321,-5.3930756982549735,-0.8116164048206377,0.32613875359337313
ARID2,-0.5811349235177076,1.017712048556775,1.0135456219460053,3.422978279843883,-5.321251813795154,1.8937191431588563,0.5379625708210526,0.7518689977579069,0.8291723639656068,-3.3639657055347136,-1.2304279029052376,0.36583017903174575
ARID3A,-1.86152741596675,1.5104327632039207,1.9789662672270685,1.9182976468676411,-0.7981058215885387,-0.22791758767663178,-1.250079643552079,0.04901681036182966,1.0869318541992858,-3.5505185349448762,0.64887289476135,0.5400242261524086
ARNT,-2.738547048788258,-1.3644963522815485,-0.1494704192173692,2.716358736015257,-4.531959572841125,1.69882844404168,0.5351215440015087,1.7862126701774805,2.916027343243545,-4.27968501398727,0.24993383345309622,3.6086350426564957
ARNTL,-1.1226039075674736,-0.30988298975602435,2.6144982758728275,1.2073451290968011,-0.21805608839045426,0.39437077198442294,-0.6510910963030594,-1.0186176035539058,0.30670049330639926,-1.5480235728523355,0.7766711980617936,-0.8617533611013117
ASCL1,-3.4834654814277175,0.37260465498836487,0.7068785411335136,-0.06595560630850936,-1.8001969903374433,0.537523608164206,0.3790721009609979,2.9129967780309998,2.3706819020077674,-5.012929673665522,1.1576743425954874,2.706549469284805
ATF1,-1.6670921213444372,0.4311555644371365,-2.355588944593737,-0.3062518361976291,-0.7191300088578151,-0.0473954724872613,-1.7904548084608032,0.7850455542741452,1.4468173557664241,1.6590714183729263,1.8201449127084735,1.4943059839377646
ATF2,0.9786791933895825,-1.4746328624917437,0.4170264990212817,0.6132297524940383,-2.1540998790494745,0.45140282604705884,-1.3207099167436451,-0.5398379273072189,0.6905584527886711,0.5032568664125764,0.5505813051655166,0.337234424367775
ATF3,1.8671672565414354,1.4577443400581827,-1.7543685393424713,-3.533769198504523,1.8422784957956724,-0.7863218239756502,1.6117968053253526,-1.0676366042680345,-1.0012873668776539,3.369325953449251,-1.5146784578456824,-0.12288715988474394
ATF4,1.7847559582064325,-0.3157135390211546,-0.8637046311396448,1.8335377167509648,0.1075016754545959,-1.8633274864743334,-1.7477331252424584,-1.2975386579152357,0.849357413374515,0.7878300250744781,0.45340647690525226,-0.7803496692873154
ATF6,-2.1103379559765973,-2.2885524219362936,-0.831129257614843,0.2710740977826061,-1.4297986770989808,0.08223447055091862,-2.594083384689048,-0.37931740072898834,2.2337203274360014,2.041811334179217,2.5814307490649733,2.7057085383205832
ATF7,-2.127639786542055,-0.2644781404437716,1.7441249443027522,2.152516181410475,-3.0244461666723637,1.1158118723439283,-0.01901647518399803,2.115202082596703,2.886732279974513,-5.107659322839146,-0.5765857497772964,0.8326714325875025
BACH1,-1.6143372382463872,-1.4021974333575131,0.4794184900790265,1.8703741214150749,-1.267091428378375,1.633466150798483,0.15992112805594924,1.3208546004498363,0.4603058203548855,-2.3162209172022243,0.2917686354130339,-0.3528249503034752
BACH2,-0.355253534039473,-0.3991747447506337,-0.32907504769847074,2.280025972744295,-3.2232705295518307,1.5818954409053159,-1.5914053803580746,-0.14147909337311054,1.004832983773621,-0.8388676123035541,-0.09428950859705419,0.9926486813444296
BATF,-2.424800094131309,-1.8042066307177866,-0.27930609826244396,2.2015081002140695,-2.3069481522515893,0.37274466163707737,-1.1992906153621743,-1.622441832021793,2.3256680986779474,-0.8664987533835525,2.1376187807281695,4.51239010810577
BCL11A,-0.4191373331803181,-0.7267448060292637,-0.4999611316532392,-0.07170194579106925,-0.46098878916370656,0.7954108596423395,-0.5946514474808728,1.0246597312369359,1.275554880536834,-2.2082486950528577,0.46274101523510186,1.6476811535523455
BCL3,0.11320786302066152,-2.8586668726404914,2.230429030591582,1.7569748122691151,-2.326542147832258,-0.1846229425375414,-4.089293887496892,-0.04341254286081534,1.3096114776856709,-2.2812889098338855,3.2546712000383,1.58099196051346
BCL6,0.6391200869246327,0.8778510981586771,0.06323975917279051,-1.1223590888453385,1.7752703563865906,0.5127201248267916,0.4772370170284389,-1.8071126287777144,-1.5753777915375344,3.633240882143416,-0.834368782726425,-2.3882722726112
BHLHE22,1.5876661835175159,2.1764534502933133,1.1927824328234462,-0.6072128016394378,0.3326819716878313,0.09714607102113798,-0.07494255917046821,-0.7824219948432283,-2.1107819578383307,2.05602301211959,-1.8889442840608561,-3.256875105826615
BHLHE40,2.6840649102235528,1.838035659920405,-2.9214678624689943,-2.8461443007850704,2.1535525184019613,0.21506347517441923,0.9044911578617918,-2.023801879155787,-1.6818666253723622,3.7529216897009063,-2.187555839359131,-0.6067496748060475
CDX2,-0.8834047912172919,-0.508693611849683,-0.45534581758465187,1.8801117712535858,0.03619334769435382,1.095334543291281,-1.1896213958805812,1.3379359179450263,-1.1890614935306663,-0.07978072813110096,0.5449527609364111,-1.6613118097512205
CEBPA,-2.2393585581441444,-4.767960746568106,0.232495910800105,2.1026836193446403,-2.6875932027238223,0.5486924806540896,-2.273621506999699,-1.3069815803850549,4.069627340782868,1.578988220126667,2.6475120187446177,2.647935293952399
CEBPB,-0.513319413114445,-1.3312130052763085,-2.2458349501641766,0.597890205033411,0.12606400717799884,-0.5594218877512046,-1.9754810732757015,-2.9318024462187005,2.605636057120908,2.0832458161475946,1.7431113205885669,2.8132642215160324
CEBPD,-0.5391083070374713,-2.678782372746017,1.3074981281199516,0.003441017161156274,0.14240677454987163,-0.6446627342194347,-1.358877340711841,-0.47632535676510795,1.3044087975702414,0.7724743049480441,1.0065595246540777,1.765239839833888
CEBPG,-1.48346479458621,-2.2695293842048856,0.031868512337354306,2.3438111176291425,-2.8997617800171858,2.084174394452301,0.21031419599657752,-0.16237498286746596,1.6798356827358565,-3.1489323019547304,0.7441067814478239,1.8806196908109225
CLOCK,-5.622623193969443,-0.8959494821764236,0.6518788888089238,0.4930689186697516,-2.600573273737435,2.316817552284124,-0.15483044431107665,1.6381594439906553,2.1687382400363293,-3.0928296307504453,2.4010246900085255,4.3639582100277785
CREB1,0.5509698694039312,-0.6219559047176587,1.3377163947883977,1.6457689162383766,-1.3331576564802428,-0.8231905192953977,-2.095047866406302,0.16648799176516516,0.1723719403315737,-0.9784722835734978,0.9959949364643766,-0.08681746129667567
CREB3,-1.105281773404193,-2.9952028973838445,-1.79274748384069,1.607990520834453,-1.6180885125287365,1.0986862724650746,0.31813480526265153,-0.011699636197671554,1.1988945430856477,0.14257523137983194,1.7870800793109387,1.2129997741310772
CREB3L1,-1.340657852777679,-2.139865553596272,0.5481143310446088,1.4442506058114741,-1.1254951659990449,0.26050129524309257,0.34844473586719865,-0.1385180814889559,0.6457182566785544,-1.3472612126224315,1.5573396264109332,1.190259299495186
CREM,-4.513740026518925,-1.6352222731921924,0.6189496063081397,1.360063915277391,-1.7724349585954182,0.375576621294205,0.11338734814211474,0.7354059156215761,3.263208045301716,-2.2032859160226597,1.4436735366885318,3.60984590918555
CTCF,-0.056131368757463794,-1.661471139910423,1.3968231027656264,0.31952121346836365,-0.9528574207015307,2.0402501461966613,-0.40902626714601653,0.520601020001115,1.0146483681065943,-1.975188726365493,-0.8641063965200185,-0.34984053608999255
CTCFL,-2.334785042792851,-2.009124876065563,2.171796307706628,-0.049532661790938515,-1.2278732491191595,1.115886916401886,0.23413085831914265,2.953165417987668,1.1342169040165735,-4.811362891277929,1.6467414863536818,1.9970114093102216
CUX1,-0.5464729753006653,-1.6662903179443012,1.2532964355894383,1.4359188883204694,-3.0443473730966732,0.19990931863426836,-1.6379774734294252,2.537231265983428,2.2328824600016004,-3.8697467142315958,0.4210418201190089,2.6025278157624996
DNMT3B,-0.24011639178603206,-0.4838118638944707,0.8536077943367955,0.2428160758386067,-0.3014221909253397,0.3261190858745024,0.07596404296800241,1.6586614348317248,0.06554670789567336,-2.291129040631432,-0.1426484052802132,-0.15176791489567912
DUX4,-0.8570402839745248,-0.7439488023072106,0.413265133864419,4.119019041908039,-1.525597426248557,-0.6843889647569154,-1.379011540290435,1.4226021537589622,0.3126817574418028,-1.6421772288507182,0.4544421881926467,0.14599063004822244
E2F1,0.761357528467588,-2.099861228052157,-2.2131380635759252,2.9182079506722847,-3.7916517599465647,-0.630600547970186,-2.1026421256012724,-0.8662062440853626,2.706142244004554,0.3488469276735175,1.469144935844444,3.0409966956922805
E2F2,1.5675492731238898,0.10199979909024721,-1.7019567668840985,0.1424355327554561,-1.0681814969054781,-2.0998763283665673,0.12255844210499761,-0.23887815143795177,0.16631887052752328,1.393847372971433,1.2069300476358074,1.159614555256321
E2F3,0.2500739108219261,0.04444919131085312,-1.5898176712720153,0.32184274311351424,-1.5481729229147105,-1.22089244391251,-0.4650776020828622,-0.6561577881002213,1.1056648454445939,1.539413946422191,1.385419998709235,1.329887319754737
E2F4,0.41043089680873324,-3.618717396622058,-3.5174784776662076,1.8312028509519316,-4.06468892870247,-0.42000785436382954,-3.108532302451132,-0.10240568918164258,2.0068597215533353,2.9923898550833927,2.75333755580295,5.3346477101082606
E2F5,-0.5547447783680507,-1.8574616644617503,-0.4031911092455915,0.20339509389875104,-2.785987340177625,1.1201993949868947,-1.2354759682260943,1.7575269900923833,0.1062089275203988,0.58859041012794,0.7468773503328364,2.070441562843366
E2F6,3.172894842190563,1.0398905363707052,-2.5880817060434924,-1.914138179690791,1.7679536772304694,0.16231228307713233,0.8846090266252932,-3.409812499241948,-1.720179907608454,4.834555099334614,-0.1149974950634986,-2.800707835083165
E2F7,-0.23661747242169964,-0.581909068368117,-1.9252546745728898,2.0448576660334297,-0.4357726492385128,-0.33297928637412455,-0.38565733295273696,-0.5591868204708417,0.9379551491308104,-1.5739363620271305,1.936756632187412,1.743744961084969
EBF1,-2.98776474612864,-1.5476566813579722,0.2990522766652122,2.3440801581344037,-2.6034221457147786,2.2833273299675727,-1.5024091678675502,1.4316238110289825,2.139213718543422,-5.043142081798809,1.8733559966050506,3.429692541520607
EGR1,-1.9085214443284442,-4.210248286279701,-0.8914552970307305,1.0799610916578875,-2.719378896365785,0.726794456778455,-1.7273772355948627,0.8007724196732959,2.7895730297556005,0.552100172883095,3.611097730968296,3.190867360191742
EHF,-1.6155238319561191,-0.77209143095501,1.450517921018666,2.5879138771029355,-0.6501794277482469,-1.8075426754347128,0.7888236894895594,1.4016874533406092,0.3409312414670393,-1.3009991352688877,0.33263971565642664,0.8337885484143356
ELF1,-1.2613921740792142,-2.3622938608917368,2.6781726782270816,4.156304822360611,-3.980791524202838,0.40966320562045383,-0.7890617255190868,2.3421084297767973,1.1945958869876507,-5.196242348874849,0.7568885898111066,1.9273397026923684
ELF3,-1.9636787472906507,-1.6982787389381282,-0.5970758194986587,2.631361810813965,-2.5636879439899594,0.005306814120423553,0.02112388374831365,0.8036221107909216,2.324886675572698,-2.7821480465370243,1.8547546280370217,2.095492357388955
ELF5,1.4466803538319302,-2.7950155893522286,-0.467672936025944,2.1649044566816102,-1.7270351979861822,-0.3777771054891104,0.3998389722098816,1.911949676710911,0.7859334556063311,-1.3988113283226442,-1.0535224856729495,0.6205706079385583
ELK1,-1.666299404147744,-0.33051984519952493,1.0410817309371556,0.689289298104499,-0.9665043738801105,0.2781288672754363,0.3113643502087328,0.30351418494715293,1.4853896826668151,-0.47048137978296645,0.5698086539770495,-1.1067838674258008
ELK4,0.7755810870450609,-0.5615807830142275,-1.2405451573988817,1.7805593576986307,-2.9926169116531782,0.20691718037687248,-1.1209776680335706,0.14787787955523612,1.2604943017592292,-0.7588891043687317,0.827251852477986,1.3276655575099054
EOMES,-1.2060682686612703,0.6163118463490374,2.3896182884625543,-0.06911047534429532,-1.2674701995873654,-1.7631577398663343,0.09552284153112797,1.1683428365612756,1.0478176074723657,-1.5925120516091222,-0.1253329499856023,0.501389168509739
EPAS1,-0.637180607329393,-0.441497268372411,-0.6106824016045092,2.3565273705369023,-0.6488654211796695,-1.0295452569950456,-0.20439218380348445,0.4382791713134993,2.010626515976383,0.6333229327111515,-0.3614882568140966,-0.4310789644827591
ERG,-1.1056706024601803,-0.6266970077940968,-1.2167986181999857,-1.3548806216783509,-0.7649457788824006,0.37739604264713117,-0.7400121845975787,0.9455339799424847,0.23952106930507355,1.701680655899528,1.4943972534754295,1.8995917119856447
ESR1,-1.5943447172935268,-2.701820384433247,0.25512435489551655,2.2099820904231398,-2.885386661958968,1.2672593206691787,-1.4530111283213893,0.0668745911333056,1.7775718959178481,-2.1588847264549105,2.1719656161643637,2.2771079591695185
ESR2,1.3811362490238628,-0.9644699726727627,1.699778555908483,0.24209747234436838,-1.531612196093111,0.49375282500322765,-2.034004668196024,-0.7600738794992766,-0.6790094689544516,0.5773108291319305,-0.05445452184187978,1.0085117072066816
ESRRA,-1.1995355187798822,-1.324129510779589,2.4858302114726363,3.0319097339712284,-1.133785824286287,0.45636445997161207,-0.7028826558367283,1.1761274615720334,0.6096505685623841,-4.647817059080715,-0.23986498658504912,0.5762836356308556
ETS1,-0.3912858249255448,-1.9593014876937218,-1.5689148467641336,0.878961345175958,-2.7602599752816217,1.163937923218642,-1.8415005886285563,-1.1243977559167675,1.9437753080641298,-0.11296116312999403,2.3766683742209582,2.5909688843704783
ETS2,-0.32122047671670956,0.43557395169141433,-1.9512950949304944,-0.44197353891086266,-0.4381514406020806,0.5581000964720513,-1.8549678648957302,-1.7222078814484523,0.45251004381494675,0.14777326949584121,1.8429704505548332,2.6530336088090753
ETV1,-0.715163044865796,-0.7131530074962572,-0.45333148006143537,2.7265845383533227,-2.1939368976147846,0.19395529842981596,-0.20721867191622562,1.9111268766368914,1.1820901856768502,-3.3356355002532037,-0.3844666414433498,1.0823604762805885
ETV4,-1.9762006805933106,0.16662943199778335,-2.7211315845889543,0.7766195470164219,-0.11092626205377895,-0.7589697271363708,-0.3440303752159249,-1.0194986311145586,1.592335463221825,1.203253455278259,2.413158248136313,2.93971952835869
FLI1,0.9175821409234122,-0.22213306620485232,0.04195665831152681,-0.38500922598092824,-1.2176384619113059,-0.55025522539893,-0.008465437671885635,-0.41611966341333284,0.21274066917049386,0.11838423708161064,0.8570250223905472,0.6319234791226876
FOS,-1.75923424159001,-0.24613235314585383,-0.8761789713016609,2.4431632558597367,0.8010715722230537,-0.6334152827457414,-0.6415053510302264,-1.6754916995568505,0.9884313082402625,0.25158328955275766,0.2416020206977673,1.48418660570109
FOSL1,-1.1647276171594,-1.5205483357782275,-0.8935321309420211,0.813498281195111,-0.19121480097373542,0.5564625213591575,-0.6662498200490978,0.6781706756299826,0.6500142713599242,1.332209599516303,0.6307982148805734,0.8519658386439539
FOSL2,-2.7322618241758994,-0.027198068121287434,-1.0412055478560442,-0.314794422333899,0.5357692010190174,1.2423645399199066,-0.045288814230130765,-1.622018551394265,0.8068016358471443,0.8949249980382536,1.0430130271654336,1.7655028259039143
FOXA1,-2.217833817907271,-2.130467614719324,-0.5633324153932617,-1.3054294575916496,-1.8042301748864493,2.4391754653953166,1.2454304623476504,1.8167754137248504,0.10932754414460902,-0.012604927240552894,1.3697321136333311,1.5670308867976566
FOXA2,-1.459806551077996,-3.3194049535456487,0.5688891369954937,0.18256753588313016,-1.838073092019347,1.7987191220111844,-0.0409061054091682,1.443290012969771,0.8609677151023932,0.2768652059883269,1.394342848365065,1.0267630286508747
FOXJ2,-1.0427732023774954,-0.7020004256680817,0.6278590991255707,2.5687548778073452,-3.7014656542416975,2.8010121689180676,-0.13802023369516772,1.1126759580223724,0.11630737445281027,-2.078042728993824,-0.3700342409397397,-0.6008928283172932
FOXK2,-2.2077454147570164,-2.5414311481578222,2.4593593930388846,2.7331846138540787,-3.325034962864767,2.75956261661166,-1.8046758283272069,2.0196873283034544,1.8913448796097807,-4.533649136445287,1.0460341991688575,-0.012259847069952303
FOXL2,1.8246497030399595,0.7897968283601481,-2.4118544620802687,-0.1742837168361812,-0.788340517306511,-1.47956169789127,-2.906997039862754,-3.094229352023562,0.5171930463533772,3.1476588627177735,2.1469266167549943,1.1313421009656053
FOXM1,1.3160606974056026,-0.5104220619367059,-2.2678975559790273,0.7073626691739363,-3.1389113597986014,0.349134987797052,-2.112054716162416,0.02822765146792542,0.5961741215925829,1.0042013884689591,1.9670347379931263,1.8527578204902946
FOXO1,-0.6565223208769069,-1.0727898610902333,0.9368059645941791,0.9749256994618349,-1.4345489260396118,1.387490699323912,-0.7242392344902088,0.1747136984153705,-0.08893510758669007,-0.24271949381098382,-0.8733200332594793,1.162145251771727
FOXO3,-1.6421645117543489,-2.838807194449547,-0.04285316214871242,2.5135174300743346,-2.3240642493867454,1.829580574099685,-0.7965831046799534,0.21639501908568656,0.9571123191340867,0.4190322941025896,1.0321527852953876,0.9233164675561376
FOXO4,-0.6154726000349334,-1.0288267262971558,1.8431983139074413,1.9109426343079068,-1.0272903074974096,0.40288788734602843,-3.0246223850794647,-1.0995153769928647,1.5239317337575904,0.8331411615600309,-1.2740597813353365,0.1754446278997657
FOXP1,5.247432251207246,1.997068744789445,-0.7529292142814032,-5.565965286277165,6.382463226555488,-1.9559949044840936,-0.2605019008479347,-3.2267473666349358,-3.9453586094943103,7.1471960147275615,-1.7848995867627242,-3.640702657063501
FOXP2,1.3445141755265981,0.9240536262812981,-1.9794286217034396,-1.6933640904299396,2.516573886536955,-0.3387783161732067,-1.0511547294656585,-0.6931609645825032,-1.4474154473702725,2.035316150612549,0.17216465376112244,0.25409841516882065
GABPA,-2.206216318924333,-2.3298214771051318,0.5227586428667088,3.0916170511406795,-4.596234394828623,1.7257667878897802,0.12470198030476867,1.2390638082656895,2.76838976908958,-3.4079604845198683,1.1633099110172822,2.026701591006731
GATA2,-2.0452390152511284,-1.874876346568409,-0.1544444435380938,0.5853593047085321,-0.9283891003763194,1.311042709919891,-1.1384426283950784,1.4771265571555172,0.26047937041969715,-0.17803249500663504,1.2089361202777287,1.5326529700669895
GATA3,-1.6106399836408454,0.3197723217999254,0.788008690897182,2.668621615446975,-1.943729396632744,2.7236275420559326,-0.293291274855729,0.4226116348716288,0.5893151821396025,-4.52933058956226,-0.11217821698249239,-0.035617781959220864
GATA4,0.3246407902384338,0.7772177599108289,1.86243185830249,0.9690272698956178,0.6802583277907523,0.12019522321880703,-0.28378168618025096,-0.6866345584633652,-0.46261599382733287,-2.4587414892990065,-0.6125141818180577,-0.7566517597279764
GATA6,-1.7679018626546288,-1.9692563067885909,-0.00763458852329625,2.3045411696173543,-2.7454527507688855,1.0005443363723454,0.5860720789558589,2.2551381610339942,1.624897264079178,-3.154024625898927,1.0337109921602778,1.2796897514005348
GATAD1,0.21156991892253518,0.04875967118478646,0.9369351740045366,2.4802176408020458,-2.4026759320883255,-0.574427530968863,0.19405342116728255,-0.15232387440340156,0.27804419524146595,-0.7899761432987977,-1.2094751967632755,0.7909612036709559
GFI1B,-1.757683527252733,-0.9142177943152583,1.230527170579262,1.492423811695041,-3.3581703645037835,1.890381506384069,0.3635631556928928,1.0648325815884676,1.9234403400395927,-3.9447030694439653,0.14019183791185158,0.556672321920329
GLI2,0.19359771375275958,-0.8310174969770909,-0.8517569484563574,0.9264854280892643,1.0998245063661736,1.1216468863987914,0.10983628839282547,0.5507242584229162,-1.9231833118082622,-0.6099223467071871,0.20417188727905922,-1.0499517873857886
GRHL2,-3.835202753144906,-1.3206682310503157,0.8079973506354657,2.1518018192018653,-1.7610517394648344,-0.02872625019621216,-0.1866021762854639,2.61698179851876,1.4755043025798305,-3.434502362348575,1.4831627950112283,2.4016917044470967
HBP1,0.9893342797832012,3.4256822625309065,-1.3813873407338597,-3.3376753849583185,2.7998996436853867,-2.0311221830330157,0.3313539722433776,-1.4419817917343585,-0.9779347824710354,2.030201425383402,1.4067585925490236,-1.1937205735482757
HHEX,1.8521054792232672,1.0323167673524303,-0.3265459990418113,-0.28313911659233865,1.298657125291151,-0.9818783406250381,0.05864918660255951,-0.9868031046921981,-1.083259603328695,-0.5478180741249276,-1.1162507809541393,0.22019146802027356
HIF1A,-1.7355021794380405,-3.830599066631539,-2.301504129455096,2.961114810316101,-3.187645067702022,1.0237684228721695,-2.633230408155188,-1.0728241226474122,2.628410893675756,3.3080206576796747,1.5295618923523524,3.5313433765276288
HINFP,-2.573109801425808,-1.3369090185845536,-1.56379729882324,1.0280489569395939,-1.8086218919260202,0.8745923325332499,0.3458644513698064,0.12732418966515505,1.5045008856704531,0.45871569293212755,2.0371284969005736,1.9065285579674862
HMBOX1,0.41878262740769734,-1.1173800432788508,-1.8364428237998534,-3.248634784803599,3.0246197884117567,-1.0259096995181467,-0.13735500804163606,-1.308168075852921,-0.6279742709466991,4.420367976690519,1.5802594070171672,0.9580202521977448
HNF1A,-2.3289926088670465,-3.8567520191112785,-1.4277233264178002,0.11252673147093045,-1.7230358655601867,2.5743016253230646,0.10722155618776888,-0.5838794656868439,1.6353877608131868,2.8117159464235972,1.420786809083382,1.8222338486921419
HNF1B,-0.6336091013437052,-2.210986405948791,-0.09108174670086065,1.624962760786971,-1.5689329139384711,2.637613138941488,0.8891850677623556,-0.21191871235912954,-0.3150444431788511,-1.7726413524898947,0.391906490424979,-0.027215082157690453
HNF4A,-0.3936353589586026,-4.678767103416406,2.1351732056495014,2.205635566356759,-1.4083686280575152,2.2423561076530034,-1.1664600798948177,2.455820360635573,0.11678502868554429,-0.20395988239472346,-0.15087220714797953,-2.6041010361402774
HNF4G,-2.2597935920920924,-3.9330530635265086,2.713759446832777,3.7127986325577824,-1.628739088651258,2.05599881076383,-0.40531403987179115,2.0119795058313423,-0.017817032349801573,-3.4849492992397235,-0.4751792777252782,1.5631526886405172
HOXA9,-1.129102723766012,-0.25269133223901136,-0.6855733479023723,1.093166172810831,-2.1753030223946594,1.4198210389994466,0.6107889480390176,1.4098122791588024,1.2358648645488477,-2.506148392484382,0.3257944998895911,1.304854372303177
HOXB13,-1.688110265377753,-1.4071875599708867,0.7788705829921718,1.589981428768598,-5.209489551703947,1.8829548289524523,1.3477655727781586,1.3520506912793069,1.552798372649436,-2.623534055014257,0.743337085387122,1.2191438080244115
HSF1,1.4591831186170043,-1.6770155973014358,0.8558170126847554,2.609840715455986,-0.3596450189173219,1.0800703796765636,0.03796252780262355,0.20531553327425275,-2.1796651362614776,-0.3961670920886156,-1.212024330320369,-1.4612373707047583
IKZF1,-1.9031944032477663,-2.603029465667092,-0.9771545925135925,1.7581094157013406,-1.2615138784453628,0.48489486595857895,-0.35774693382345096,0.2531819870671075,2.4649343300674103,-1.1797419975321506,0.7140878875622217,4.477754871364354
IRF1,2.7653460144390363,2.309418903929287,1.7827243110870208,1.8880142563603852,3.3063638337787364,-0.9794591364584526,-1.9558093271721722,-2.3436920896991453,-1.9384078342107343,-3.159974322813233,-2.880066289640732,-3.211454447792566
IRF2,1.9776596890743283,2.2237746543495374,3.713249511267137,5.841641305823157,0.16470720540728861,-0.49979807782955377,-2.0754184893474052,-0.7238666599529994,-1.9690249384824092,-5.2579892960808,-3.05495183474897,-4.778238929698005
IRF3,-1.0356733917580572,-1.0737941147196461,3.8427770318233136,0.8244273715111872,1.004053138241869,-0.32513796401020967,-1.8368249562080226,1.3936257094420812,-1.1082459082157339,-2.1785591237899014,0.1838116214632497,-0.6281511610288716
IRF4,-0.945774168654636,-0.29904875976955325,0.3026269192219346,3.6331922107910026,-1.4451064817062564,0.5314449138892929,0.21139749931236657,0.2989471741242349,0.5643754828157528,-4.706710946720703,0.5084671032915579,0.2745737228610905
IRF9,2.947902441035149,3.285798597226761,3.22627128414341,1.7603378085958372,2.9621800724856207,0.022884925468217816,1.0908331989779694,0.8139279277654381,-4.980845536656905,-4.176461269150758,-5.31764271869844,-6.642431421568749
JUN,-1.6305708824954106,-0.8164036364993237,-2.7244286007779785,1.5453779995200319,-2.0216211324778702e-4,-1.2840761959721931,-1.3938503624215208,-1.3454691268290417,1.7349427081360702,1.8697896527567879,2.425681862849672,2.9136894784581204
JUNB,-1.7978398432051057,-1.574894780757773,2.05930330333368,2.694048885068472,-1.5549045720185726,-0.13062501410691538,-0.6441997197156669,-0.5295995401672325,1.4472084313009776,-3.529025610998167,1.5336453273742214,2.354865755256172
JUND,-1.8246075176158691,-0.818251697411855,-0.5376072298359978,0.0019352361784994465,0.9267590502967864,0.06556186881671593,-0.6254353873246484,0.6995030258240835,0.6760217757285812,0.7901061447568988,0.5644420043583954,0.4784192409510417
KDM5B,-1.7666904980170655,-0.44870602863864484,1.3128739184911493,2.2263559751251174,-1.6524052200878971,0.724967996329503,-0.13857002326727608,1.7295949906373607,1.1258990039841763,-4.414222307995263,0.13949319150590653,0.950294427630936
KLF1,-0.4227019082454667,-0.9536107837798256,3.1993207976900795,1.023297905983649,-1.8446701990472014,-1.3289334758638078,-1.651529519327901,1.5664319259449806,0.7825579086074919,-3.856297481113959,2.1405385758527276,1.1605070786917668
KLF13,1.7319927172173337,1.849006072059015,-1.6653573966773398,-2.0104738115404692,1.607517344199603,-0.38635365292079316,0.08237963354179285,-1.9296202642606362,-0.25832814570774715,2.6699188635426307,-1.0421128605995247,-1.9259700181946917
KLF3,-0.2073331165920438,-0.5556742611618376,0.6116852241124403,1.0101878643010964,-3.31315531442868,-0.43435319696878355,1.5725730888744265,-0.7534630275275958,1.0435422239213876,-0.3992469220619093,0.8986255739720156,1.0492348282589612
KLF4,-0.05943228770096511,-0.8657551642566058,-1.1827039234531116,0.6691143515600684,-2.0839199917121554,-0.46694965507156855,1.1637380403578745,0.28119412882263817,2.111359110270033,0.5919880840106455,0.04978785205852314,-0.06959040014979544
KLF5,-2.296688588069236,-3.899334585618877,2.083427212125699,2.550597374991007,-1.037539776563809,-0.05408694701786407,-2.407903502580229,3.2596434260256717,1.3836241201818456,-2.559716981921497,1.7669350260909862,1.7988002020817315
KLF6,-1.2634072486681058,-1.2788470975736135,0.5903324499161245,3.555404752824854,-2.459282378204637,-0.3927779994864515,-1.9691733220831869,1.0757285700359926,2.0465932171725534,-2.2629905702864366,1.3336406583751257,0.6312875771496201
KLF9,-4.101810723100521,-2.295045490910092,3.7305131912271756,2.37876689034343,-1.570081831258463,1.2361079912242283,0.16683032911025886,3.2417000513956284,1.9723512500865743,-8.030873119893139,1.475960216558414,2.319845730309569
KMT2A,-0.9670264409016678,0.9618787659618637,1.036147894123902,5.487720778544907,-5.068504307334811,1.6918598515755754,2.0831873772325102,0.26844151009491873,1.6346856720278318,-6.644917834374737,-1.6788941672302822,0.2973562159425319
LEF1,0.5221273583818428,0.29296724639510835,-1.2471595079132654,-0.6464084803435257,0.9512837657933645,-1.0993044086875843,-1.833777202340133,-0.33512596146228,-0.04672363773193302,-0.1336196953703602,1.0481829283504684,1.109701819583141
LHX2,-0.5983905540318966,-0.5910204501273685,0.3448432810112628,-0.164078382834775,-1.1426879094107578,1.3190048287147755,0.8901974333595359,0.9949541060171875,0.8962578989744561,-2.6739954129204238,0.5885112279814734,-0.702446502918177
LYL1,-2.5602583920172544,-2.8788592793794296,-0.2653404830918599,1.3038258040692086,-1.0920061148682836,-0.15591573298799166,-2.590246147956017,0.23411239037236373,2.3921056421596005,-0.9401067713588578,3.0959884072773107,4.754024566499221
MAF,0.022367823937482205,-1.8581938915556593,1.377965795215549,0.7933307945832797,0.024228281691251134,0.049928641675810986,-0.8070509169949692,0.33939570950909326,1.7091843877926625,-3.075094149673164,-0.8499356914933289,2.433340391725535
MAFB,-4.132570989911992,-1.3703362132155736,0.5700335283199208,1.3167058576020398,-3.9429042887715218,2.6851213368964584,1.784483302295513,1.8921359521114822,2.893956402111138,-5.212122086722026,0.4986403889069089,3.6231543042109884
MAFF,-1.179686706029397,-1.2860163395650144,1.381381061272275,2.9368873246491036,-2.606247453491147,1.5877744036016956,0.14839868523517363,0.42505330567965666,1.2865996848225554,-3.3994265674903796,-0.015362017021509742,-0.1155262051040458
MAFG,-0.501024692935057,-0.008445693329169866,1.8977948866767673,1.4948096172794338,-1.7645583745102427,0.5357507565937386,0.9002172812383729,0.6438500744987202,1.03786925698199,-4.469035720227591,-0.7835254898125762,0.13501578359877664
MAFK,-0.7493811601401678,-0.26430778730567467,1.2863561704764341,3.3597779101391616,-3.9362268495520194,2.3327461918790653,0.6330498807537883,-0.7228767958044839,1.3975547723629838,-5.165040515464665,-0.4186390527798844,1.0597826321531476
MAX,-1.1181407774629966,-2.2077064596829263,1.2092218254901548,2.763925890527294,-0.7604807420407934,-0.7027835331782122,-0.9475493915451011,2.8991213714253172,1.3453852808711284,-3.9898213441118715,0.5151673861320348,1.5527558926759608
MAZ,-3.09413959661298,-3.1596290025248392,2.1804891789523557,2.4316669054650095,-0.9412026269039685,0.7716233110731404,-2.1480352306557813,1.7355607742306072,2.2758330487682477,-6.281598725520551,3.468211359105386,2.667230609602307
MBD1,3.4134735487100296,-2.2849561348424935e-4,-3.724536986174036,-2.0409772818570695,2.2621482626078797,-0.9656109982050031,0.7573630267959759,-1.6685062656339928,-0.69985977445829,3.7319252802460343,-1.0636342874600138,0.10013337090354472
MEF2A,-3.316339634706882,-2.350950941176285,-0.11334185286270387,5.226722419869148,-5.87081806919259,2.4898510481042293,1.1125596836451315,1.0251261649344074,2.7916634597677437,-4.317622604646013,1.3767072356884393,3.020855474248423
MEF2B,-2.789610699844021,-0.5845264282824966,1.2865260488387182,1.9676966116044505,-0.9614688867488985,0.016298808723883024,0.3098004761193361,-0.5200553513078664,2.5429659543374594,-3.7025767415348514,1.160516376622736,1.9434195404081138
MEF2C,-1.020338747648147,-2.6256436572211133,-0.620243778308796,2.815145027787615,-2.6896530303070496,1.9264584315177178,-0.9881738278886222,-0.21881620327470022,1.1067960451551317,-1.040116278970493,0.4302159785248834,2.851343304627824
MEIS1,-1.6527209744706934,-0.6489365305296113,0.34415681393721637,1.6972284003445863,-3.50721685249232,2.722429242117044,1.906589266016654,1.1743947759059108,1.6717328318084572,-4.806823608955974,0.30839476306936897,0.3811582241059713
MEIS2,-2.7309641662460633,-0.20140826348107063,-0.07437025853310546,3.1113142219374823,-2.768654205885214,3.146089482922296,0.796605417008299,1.449712948689723,0.9106992387398888,-5.924991208167189,0.5421551154877583,0.2629462551408439
MIER1,1.391272626685401,0.38041476837874566,-0.5909239936601229,1.9582144041289336,-2.5400569959087558,-0.45154159955262485,0.4472153423975406,0.2088613846118955,-0.9149627838844169,-0.7586835766412376,-0.4162722105592922,0.11604601049492726
MITF,-0.1809774039046727,-1.4012228418394088,-1.6493203610016325,0.5060696355224031,-1.9974332400321972,0.9262593856062842,-1.1323845764051972,0.039849830861532,1.324149922923271,0.07531683398774684,0.503384193550049,3.062037617890261
MNT,4.1819229193426555,2.1110455463812845,-3.8079587885977806,-3.6945421083535863,1.3758092333266678,-1.1689856710642728,-0.20854212956441356,-3.3506592430835687,0.40514864810645423,6.7634736485226385,-1.313039025706133,-1.044098842796189
MTA1,-1.204312049730836,-3.0739701522780365,3.4427949808094196,1.939567740771684,-1.8667877338578163,0.46379490991781597,-0.4717911858294759,3.7869347921438563,0.0647081305074869,-4.450362119959858,1.2304175716474286,-0.30243437651445443
MTA2,-1.3952361924370873,-2.6180659350456805,2.9609023780563057,2.5528293851337023,-1.3343956760924038,-0.06864979719324384,-1.300791193963572,1.8299939897060806,1.8867276445219217,-4.709749639890363,0.8918508995284875,1.1536474112117225
MTA3,1.2769291373864937,-0.40855352965069636,0.23242724896456057,-1.9993312833569594,2.2938610647377993,-1.7490242138182612,0.869812975797238,-0.8945325555221697,-1.8749059825612628,3.179040741659248,0.3034891675130681,-0.01847990274487671
MXI1,3.3816102793676865,3.2825587439326456,-2.84225122982301,-3.5631794836850403,3.1224763898324173,-1.386549456978105,0.9557144413026436,-2.415129845158319,-2.14437174376057,3.8155150533120215,-1.271439753003022,-1.5659790489794232
MYB,-0.09100099725560895,0.047099318956171476,0.651828876899283,1.3741816368850852,-0.574788454936778,1.4154697717987768,-1.3953554131280612,0.32740318572066124,-1.095153921177395,-0.944643791590749,-0.8628873496737056,-0.2517717185800369
MYBL2,-0.7383442117065551,-0.9387005294127431,-0.8984434001988418,1.7619126018672806,-2.4278095957263526,0.6281699041410244,1.1039152739245175,-0.2536871702393179,3.075994135596216,-3.1070268988105982,0.9559055965980936,1.3248473105766703
MYC,0.6406322553050215,-8.194659460309202,-0.8114197749399954,3.0972399661907204,-5.314751459100215,0.39357313210931066,-3.130372724845179,-1.212301212193528,2.4642685979038847,4.7101109642027135,2.2666304864828266,4.449644195250152
MYCN,0.01593583243015533,-0.029686708578982434,-1.0109467527642197,0.7032406881951228,-1.2877135907403103,-0.9967145887320491,-0.5814640044799065,0.04673970065158276,0.48670007060697557,1.1571899995528687,0.734934120061202,1.3095987343067237
MYOD1,-2.995914199198883,-1.7904126829030058,1.5596919614193048,0.630587132522417,-2.3057971872518834,1.2603404745434454,-0.7054126040868781,2.589255970212613,1.8561395929453708,-5.6016079635788545,1.8218068033825343,3.5904774908190555
NANOG,-0.9649030620858557,-1.0407082426064045,-0.12116957593100196,0.19467627191831505,-2.3042622447491454,1.910452190266759,0.6626698771890573,1.7127406122130793,2.060972276601685,-2.4735898169737247,0.5163008565108093,-0.06624091661957497
NCOA1,-2.001855303269943,-0.5036326922983193,0.6783835345253633,2.09136381449451,-4.950744838547776,1.923084711132115,1.1988823646127444,0.3511527567795498,2.311324887656593,-3.7488383437644797,0.4782865387451367,2.2070990003980806
NCOA2,-0.9460115546029746,0.006005048659826306,1.9459269131606867,2.4064809003193233,-3.507485790429405,1.205320398631378,0.07457703186360257,1.7925449381525247,1.1347211349648487,-4.696369859485265,-0.9354536654416039,1.138525120015404
NCOA3,-1.0602080251000952,-0.19211454319148435,0.10726037566414588,3.1409057233853854,-3.7523957122675085,1.9654782931449424,0.472317484897376,1.1726685329821456,1.453087654611052,-4.217425292164176,-0.9187319302510855,1.5265064530457004
NCOR1,1.8317477657092172,0.7154303951993836,-0.3222980360701856,-1.813042333518312,3.6579535731015196,-1.6455816946245951,-0.4254953702201505,-0.6004080174148986,-2.3006279144966335,3.812888464143736,-0.7986944191292282,-2.0997757989316033
NCOR2,3.47716835565605,0.6133107047142502,-1.591874468637961,-1.6928516797150939,1.2185583539952551,-0.25566647475343884,-0.7895342719234529,-3.364166428839153,-1.3745065531884848,6.995018013725659,-1.1849426241709002,-2.4447843755203147
NEUROD1,-1.1476826902931534,-3.0092290920738503,1.5167428100705895,0.8912643669591628,-2.255136528245828,0.2529925921178826,-0.9269641488215244,0.01305530017548916,2.0271510675753723,-1.4295803012711137,2.416083834925629,2.0389098898328015
NFATC1,-1.2366357680525055,-0.21869201983430767,1.6195375026695098,2.74792420783109,-2.375646336767598,0.30119360855642174,-0.3793063218469172,1.2746245995373362,0.9863293648542804,-3.5350497277153385,-0.2888942905327438,0.8587160479935277
NFE2,-2.869969950971989,-1.6963528050757313,1.2179913221952114,1.3164148168543408,-2.0886507144655444,1.6588764534044707,0.05544570607416124,1.5887112176408746,2.1745437938673264,-3.966787854853014,1.3750967826914178,2.149208172488959
NFE2L1,-0.5653621444267398,-2.601917289186871,1.0781475153953808,2.835515537125546,-2.051363915315537,2.20077676886657,0.652032208007923,2.257131578434361,0.3929269315954387,-4.3799192931084345,-1.0708491043838264,0.9038121656939095
NFE2L2,-0.26664703418961894,-1.550733781333207,1.8181453552944393,1.5265287014819262,-0.021487685520179562,0.4646644523565088,1.0616594112239124,0.8812629859483161,-1.6966028177699468,-0.7213439678006272,-0.5334291289585786,-1.1757409642133914
NFIC,1.6021303535940001,-2.080099546971851,-0.6771234510198724,0.1612263676432741,-1.4684838437823295,-0.7599078550030742,-0.10249394602229676,-0.45691848030131255,0.9100595421752876,1.2506058214674012,0.8701148217905114,1.4572301124229523
NFKB1,0.7637181336593922,-0.017282296458766767,-2.619966155467368,2.278178056213614,-0.031679435053711215,-1.0091810903986276,-4.003883759622979,-4.923516723060714,0.7713310846011942,3.0206209330510236,2.2839587576235947,1.9051177796353587
NFKB2,0.312434697605575,0.6209815776935049,-0.2736168862120624,-1.2521276001043202,-0.06699558107760947,-1.1791021676555171,1.1237858983666882,0.7466872799528508,0.0066244872427798415,0.583859644491208,-0.26065909001817544,0.05794963469527214
NFYA,0.29755229015239054,-0.9498968450730891,0.516657249383905,1.1201771711008468,-1.1219487682792426,1.2213334527267123,-0.8330297186797877,-0.7875973417161685,-0.14669787236111992,-0.601488231841346,0.6443215882376309,-0.6611215685467882
NFYB,-0.6212301106162893,-2.5609729263167376,-0.4432699525625388,3.9596094393618713,-2.0121305139398253,0.4537336258646032,-2.2410561309353674,-0.2895488705168908,-0.2884565345710299,1.121377015680735,1.923941675797149,0.8209482433724108
NONO,-1.1761483523139102,-1.0256743429948663,2.32969987910342,3.735769077115762,-0.8404449026366293,-0.21555060465979112,-1.195577225193342,1.4163764438942528,0.7753319547536182,-4.3181246217956755,0.42402651897927623,-0.41471098280097585
NR1H2,-0.5419257491716543,-1.4815780931086848,2.19640109992163,0.6010345803162089,-1.103458558087238,0.9676517184290111,-1.4932281826498843,0.6392887362441159,0.8747226118909585,-3.4438063886879586,1.3022661409615641,0.14952553255102624
NR1H3,-0.8190986484673437,-2.024564496383268,1.9387851694186338,0.4567343999350908,-0.827873827774626,1.1494125819665961,-0.18654437246473501,0.5844729889013607,-0.40341292695735353,-1.7247231293308716,1.0291864191954485,0.34106072533232157
NR2C2,0.024422958308066876,-3.5728875553858757,0.39218809392637394,4.387530715855014,-4.737526036389339,0.12128557805957615,-0.04127457403711956,3.3863304113433745,1.1621561880609124,-1.9257194275276603,-0.34343029186720947,1.5359954787307906
NR2F1,-3.05954953979147,-1.7132838569376978,0.7627256372531502,0.7246739496068165,-2.21247076106201,-0.3445468351792339,0.43901414272735395,2.247734202403595,2.6617488664503655,-4.661821783018199,2.2482449490701644,5.37086745865775
NR2F2,-0.7402225059895319,-1.1944358462405011,1.2983506358359738,-0.6579114872550759,-0.4115049816347527,0.47747937571843174,-0.23925615241154582,-0.4630211649640801,1.052314527868016,1.353113874484023,0.14249397363847105,0.29488432212081833
NR2F6,0.5514357894011016,2.2521456576895424,-1.52106691777591,-0.7947326369363046,1.1282495709732159,1.2440926360828186,1.0645388291934015,-2.4092264988896708,-3.180153494934189,3.2455880010851152,0.11765530251129488,-1.7358545865980408
NR3C1,-0.04724869618634997,0.21564621962175862,1.0393731650638076,-2.4157787224510336,0.8366928516156181,-0.010232275486286475,0.22413431260758332,0.319913575493735,0.25816818287189547,0.01488383138920401,0.11322499385478085,-0.8460054732581362
NR4A1,-1.9787883529137722,-0.9792445377702038,0.4471122923773683,2.8404313540851436,-1.79706115083356,0.2504621070482091,0.900918872593121,0.8212830854024028,2.2693141323226436,-3.930727207121798,1.620286364468757,0.15587630051164153
NR5A2,-1.2214078115327416,-1.8891863886789884,1.6473632410069228,1.1696233377309402,-1.5156096000360009,0.4195396920848546,-0.0823701973676135,0.2608491147575428,0.053100838073703735,-1.2926284882165677,0.8490667304437085,2.1056002112472756
NRF1,-0.8974858975242501,-2.4487943097205087,3.8531069879227586,2.928610005673428,-1.4692465018423733,1.5444368380624276,-1.3450502320525515,1.700411262176535,-0.5064416439569444,-4.448818964004504,-0.05360626859949469,-0.8193875015833153
ONECUT1,-2.189015846984708,-0.9703002369846793,0.3440257140620039,1.196629115818785,-5.378706863827844,2.1063869435682023,1.37003308228748,0.7975471084955844,2.6024636281437865,-2.6575223564801878,0.7301721483778699,2.013246487703021
OTX2,-0.8085529789716056,-0.35292738991208666,0.8368175673161636,1.4834791254765334,-2.4313363554878493,0.9733644782088782,0.28902870333608904,1.8317486564533523,1.489176223007583,-3.76350818712353,-0.7766225225542609,0.5724773637707018
PAX5,-1.1914851543489198,-6.228282922072099e-4,2.9005827096459424,0.3485077115077216,-0.716134282316444,0.06890857402644758,-0.6071726378052493,0.1096254504161307,1.073237011999448,-4.067328764979085,0.28372560023924304,1.1912928522959656
PAX6,-1.1190722843193865,-0.46762364663220446,0.5063998082270833,-0.0751429793430866,-0.3326770181866545,1.613658865019717,0.5299662584235499,0.24374319268344158,-0.20067558434207175,-1.2188092561438022,0.4661265119166777,-0.0038568165946627946
PBX2,-2.154975149236529,-0.9992800738790529,1.3233721627481767,2.1728155698167355,-1.9049341091330911,-0.39205797868850456,0.4897690316531607,1.809875358969292,2.3895118180355657,-4.978020316037647,1.601056141231488,1.083871277575301
PBX3,-2.6004366993655346,-1.8601306037950942,0.8291582469832071,1.2606389436605687,-2.132353630088268,1.8995920339998633,0.8206910764974618,1.4329514111322816,2.276601067063604,-4.009358679952071,1.4858089538522556,1.4495465863657424
PDX1,-2.253833551095391,-0.6870610909626367,0.3783492592128965,1.925441990591389,-1.59719656157835,3.8880434624805833,0.05938857397061662,0.9806205156630495,0.3950785510789924,-4.709807147110747,-0.22624331168382295,-0.09505991622577405
PGR,-0.296667833183903,-0.6766790539807509,-1.077573464676586,0.3686766614628208,-1.6053734542914102,0.9794453614117299,-1.1788455355314436,0.11352345140051928,1.495495242113251,-0.4152575812156738,1.0128721242692467,1.5247267827064956
PKNOX1,-0.7263189356817933,-0.5713120066641524,1.3336891134239532,2.588603901264369,0.09426063055328666,0.05023274016947841,-1.966202379752154,1.5216385218231943,0.9398483484797566,-3.3171442959732715,-1.0984167030887493,0.12901931158953592
POU2F1,0.0995076595908017,-1.928510107002106,-1.1129609899411765,-1.3308191168744852,-0.8273868062722463,-0.6693156496051466,-1.2070041800098037,0.5394523268140634,2.202134816400654,1.7331881959085356,1.616917899247698,1.363220309457174
POU2F2,-1.2090180068774967,-0.8430848780390967,0.5177776868707948,1.2423695460217876,-1.96019401054931,1.3264206268582555,-0.3184894998499281,0.06050537922502507,0.48543478122779893,-3.60704899474815,1.970948065206512,2.1260633289485873
POU4F2,-2.3053005830633735,-0.4948596125836781,0.3245969589354997,2.1113091295976445,-2.638043085081241,2.3466696920262105,1.2064255673060924,0.6169197702039482,1.463176321834201,-4.336166048398404,0.8579165451379727,0.8630748166343893
POU5F1,-2.2016027400359537,-0.8310380620844929,0.43190980513757105,2.777029686696389,-2.9280948907422366,2.479117708809195,0.9639977529459659,3.2426261213343808,1.2432860919937991,-6.003632884487426,-0.7835634626452025,1.4318026602843184
PPARA,-0.10169034740853539,-2.242650301016499,-0.4787802578765591,0.7224816770616281,-1.1034788417756067,1.1954376959876991,-1.1665259606414542,-0.22865225100336733,0.6925046928446663,0.9110121580890208,0.5183736426250442,0.6137164714950151
PPARG,0.12584601908380952,-2.2043226876530224,0.40924566417248176,1.3006666475977153,-0.4468422803895603,0.8083152988850255,-1.005385683917441,-1.3008633694020477,0.349390252198144,2.086717996593103,-0.6105031925471234,0.06052089880849483
PRDM1,0.20319907813872945,-1.0417770673342657,0.6248117031851017,2.80271403114021,-0.20327550567434574,1.46350100746439,-0.7779780219764457,0.5045675783418727,-0.7897186040303746,-1.849132957563319,-0.9925578300414847,-1.1129855703064928
PRDM14,-4.748820813664374,-1.2411882331537194,3.295624240813611,1.4834737961218567,-1.9080984223909145,0.7303978901906314,-0.27914558045853016,3.879979936445138,3.1126957233957513,-8.489389744960345,2.1217611056505614,2.7258815970499275
PROX1,-2.1089167332357466,-1.0608987350802,-0.051539233185512026,1.007468351910906,-2.3765259727544317,0.7161628394731346,-0.2087570144870081,0.27012154495868324,1.7621237513231645,-1.8312030415004532,2.2179652602474564,2.343797072791509
RARA,0.1370246327570238,-0.905679038124594,0.13677735224154494,1.9403164998547788,-0.45566311846398555,-1.0227455187757373,-1.5638916301983852,0.5496639122617828,-0.32937531520900715,-0.06630136187448335,1.0769000559490465,0.6402579667895345
RBPJ,-1.2541127946754735,-0.23893063226232858,-0.8550833965389062,1.8499236647741883,-3.711008775598955,1.9425143076334668,-2.947530500394146,-0.1712799963791731,1.9866567083699043,-2.4409723402772636,1.5966927731704363,3.456106964295095
RCOR1,2.4638166309730756,-0.5466561016767111,-1.8194762616936924,-2.2022963751736726,3.3496836262790213,-0.5105682120019992,-0.9239987052306126,-1.1749245779711652,-2.717276016662409,4.375946261355305,0.7068218936364506,-0.6953423575712381
REL,0.45502435627986515,-0.6379213203120728,-0.7960088179045951,1.6619728447380437,1.2406569527799824,-1.0989996164975988,-3.0073673566697896,-2.0570664060869106,1.1988879563452943,1.1771050479120237,1.0448717790052575,0.7422178426677587
RELA,0.9581683349877087,0.6277171168064739,-3.1805000488651696,3.2031506819209774,-0.6709857799729335,-0.8643165903329015,-4.577752541695923,-3.041608312699457,0.42703397197319165,2.1309287146179425,2.254951283847524,1.3765834622143456
RELB,0.12715462153904614,-0.5768804293539957,0.026254105643735936,0.994443672645233,-0.14929557123295104,1.2035034554319597,-2.695803138236518,-1.437891490799749,0.2764980090147843,-0.99597709627645,0.49939318555383017,1.642156903216217
RFX1,-0.8678785226262978,-1.1397662488778786,1.8954415658028207,0.599502019223474,-0.0015043276372016614,0.4450184277548526,0.3056496771937197,-0.7167171084290663,-0.1359402219012434,-1.4072046405792227,0.294533173536758,0.7268208123864945
RFX2,-1.8350540693640185,-0.38044026185481944,1.4649461375757584,0.45256457898202107,0.032756393919241865,0.09862874760761321,-0.7626817296412679,0.6114863336247883,-0.2771711924431315,0.40507545716188886,-0.9007667311174402,0.2706733076530018
RFX5,2.4907917047145633,2.5574014931964557,0.7279204200560035,1.2618453305573278,2.469385008044086,0.043063727965375706,-2.1472482777292496,-2.3356266456523485,-3.9013672398496304,-0.561040563488315,-1.157558708718902,-2.885007175731087
RFXANK,2.3756795297286297,2.7169347125408887,-0.3376966860017218,0.846213661589511,2.3132579663449606,-0.12599804665544098,-1.317215585884448,-2.8221815645881456,-3.1570594753635852,-0.3563259886423924,-1.0317146041116187,-1.8003977942291016
RFXAP,2.3756795297286297,2.7169347125408887,-0.3376966860017218,0.846213661589511,2.3132579663449606,-0.12599804665544098,-1.317215585884448,-2.8221815645881456,-3.1570594753635852,-0.3563259886423924,-1.0317146041116187,-1.8003977942291016
RUNX1,-2.7778996736804613,-0.9404901623602568,-0.1438969605087202,-1.099299217408534,-2.056968879653669,1.7129191633282523,0.5334665348128366,0.49591107618236163,1.2048155185657323,-0.8234487174967926,2.0783494660033037,3.0990575092257635
RUNX2,-2.5603781643881627,-1.4685974761377936,-0.6499364866014633,1.2081358825253556,-3.2379742576407917,0.6612144133218124,1.0429582090562397,1.3809718126190103,2.3188466717786427,-2.602197140710622,1.8902984878849258,3.067206630172915
RUNX3,-0.3308808394781129,-0.12464107172533749,1.0771106773028976,0.16465570981440256,0.641690366067924,-0.14164713396002881,1.3706404101855898,-1.41860214951529,0.06853193023805008,-1.2560205398738027,0.15260003634388353,-0.3844104815116664
RXRA,1.3201019407474024,-0.0685865881432034,1.3143133969559675,0.9847668777629365,-1.3761567161019328,1.0209956585886717,-1.1446588739273986,-0.11816545035059459,-0.6364719156642893,-0.5034844022229121,-1.4548535753456278,-0.9066419056671627
SIX2,-2.326036297872277,-0.016867118022383377,1.2981965398662931,1.5551061702758662,-2.505411804303488,1.5441215094015743,0.05318861033113131,2.2301459009756512,1.0102863105086572,-4.473088057290974,-0.09012193741220315,1.2864538420399523
SIX5,-1.069039386375696,-1.657716558025988,2.232358899608941,0.7619470434302844,0.3800767240723474,-2.6442655338951506,-1.3032757632397542,2.4775235939813554,-0.6850411238698585,-1.2205681196609186,1.9987996132166883,0.8969005673181838
SMAD1,0.30199225113122885,-1.545848258864386,-0.1364449399611741,1.4312764137619094,-2.541286586709359,-0.07455737555051971,-1.0162788400575136,-0.6851669891727974,1.8581204550035755,0.8030133535976488,0.5213459644649762,1.5353543599172148
SMAD2,-1.7767505392159346,-0.7709123633970655,-0.16434487995615632,2.506797311891902,-2.5914864351863947,2.5894082854364777,-0.7893382644198953,0.07358348671729091,1.1881299662780216,-1.8343228161293612,0.8986332457806995,0.12252670510838418
SMAD3,0.3313142033188656,0.8930263486590302,-1.355870650491694,1.795294184012152,-0.614150641247539,-0.1261507362891693,-0.3255230730772883,0.013004190387701632,1.2978611225701822,-1.5351004407254307,0.18748787832348404,-1.2516318765332652
SMAD4,-0.12133588103215426,-0.5056286172783239,-0.8616937612420995,1.511682957654236,-1.0272778045426505,0.6951444788261778,-0.23048864482082992,0.22142271639359035,0.34941013373243285,-0.7353759455218731,0.9959067506699295,-0.6148882589404348
SMAD5,1.4558290323332377,-0.0359899326370857,0.23019160237685676,2.015458937388193,-2.694753002266401,-0.021723522055399694,-1.5572969033514552,-0.07453004569288836,0.05703007597653032,-0.8340195279892373,-0.15009411227327593,0.1817076376479917
SMARCC2,-2.3269976090125954,0.33776686394916156,2.3550741045729726,1.8722788629692957,-1.9523844829329196,0.5529011853359005,0.08937452003944446,1.4400258099062233,1.1433060427666921,-3.8892708173442454,0.5809803140838925,0.09588725406216814
SNAI2,3.5876231946124792,1.6436586947471246,-2.665780678666903,-3.839552714885077,1.3055721438261274,-0.4877910522114834,1.1682573503939664,-2.3185523474201153,-0.8743727678803527,5.187810365489739,-1.2418049532475273,-1.4025551464879091
SNAPC4,-0.31597899907805305,-0.5312422912416721,1.9222774192987053,2.9113643387200177,-0.6221555055837034,1.0416014150249964,-0.9268143181578481,0.7310022682068563,0.38325257127394546,-3.1796224235952986,-1.3745401279726353,-0.825292300225159
SOX10,-0.7616184224992772,0.9507163965906082,0.2902026429973163,0.43224942050004156,-1.2526166689987526,-0.2765100946250219,0.3968181019254231,-0.5007967073732308,0.4736326950795429,-0.7771313664577576,0.27050144134358983,0.2372767546881208
SOX11,-2.5583554370488506,-1.449468130515305,0.606383586163122,1.3592813023373629,-2.9631201883692624,1.6007578277998284,2.2378278221735353,1.506476447944853,1.2321794544225297,-3.2415843950632257,0.25990319494289543,1.8646980041761243
SOX13,-0.744160863365616,-1.3844893168523178,2.6137181165761856,2.696364052472677,-3.254831320609531,0.4427179512308657,-1.506919534182175,1.6211526718698812,1.585750661491618,-5.1469600012589964,1.068979132281214,1.3412476716128923
SOX2,-3.4485334190862944,-1.176149282511992,1.0926456484788567,3.2121082967241716,-8.77195072603248,3.51298718690435,1.8037508458823441,2.381913294511712,3.680094127859807,-7.0692513990138135,0.5236616972393843,3.636017728068372
SOX6,-1.503863695534758,-0.851583568249833,-0.16680082707430197,2.973067756359467,-2.878612335147969,0.9154855417379925,-1.0967802738799373,-0.13437885698543214,2.437991012806765,-2.7732090169738193,0.531353431792161,2.134448172695919
SP1,-0.811472388960075,-6.04169871494159,0.06311026357831884,2.7004631564479387,-3.111931971306831,0.9315701007578338,-3.307468000442881,-0.1816071287708595,2.8901171294895773,0.8186945318472051,2.1875135053988384,3.3289132190759685
SP2,-0.5843503360877313,0.39029548758673466,0.8009861483315589,1.5068779066223,-0.5700782785773342,-0.9325284968668763,-0.03163016689859266,1.6170731604352644,1.2824441096989303,-2.9297189530291865,-1.0579729887416318,0.2412265447319524
SP3,-2.040740522560346,-1.6176432480582936,-0.5101312664007165,0.8077078755731449,-1.211669815965057,1.484052815826103,-1.2915751260791044,-0.9657328907198048,2.1824478154889717,0.1044821378418247,1.5345981595151492,1.3318529929978415
SP4,-1.4323316862224957,-2.8293570675983215,1.230947682444404,2.7849550264528555,-2.199699863785451,0.389385619327866,-2.636509452059009,0.9969288068222781,1.4214552014784423,-1.46849093892288,0.7472616921447677,2.489222042595139
SPI1,-2.3709398083230195,-1.0020587991414402,-2.0435063993873,-0.34263932803353575,-0.9865329697554456,1.2693918168260163,-1.5184433706649636,-3.3136214630303846,2.497870572667242,0.9241786559222107,1.6724390780329443,4.5147038387059775
SPIB,-1.4057688947774127,0.1365351653655028,-1.7378085428528895,1.5127763676107382,-0.20421920846982733,-1.2164010461951893,-0.8946153216309456,0.3195310808969045,1.0657918826774972,-1.1587658696455885,1.0169510240352704,3.2433480279577696
SREBF1,-0.10979339487947366,-2.4230752370853237,1.638442641948875,1.2289040256991681,-1.6942345563385477,2.39860710080472,0.4586355220088101,3.1222398900233155,-1.989576542175764,-1.58028449364937,-0.5593524294003452,-1.5833358982062993
SREBF2,1.0254685432588695,-1.382602672330803,2.1230589164597418,1.9306128870751649,1.160378751831705,1.1900475076378927,-0.11454279303519946,1.4481228717481551,-2.906323173510589,-0.8006584000676673,-1.45212425608824,-4.159857408280013
SRF,-1.245053433178002,0.4447813763200967,-1.1812360231515573,-1.1621483063297602,-1.044993989971697,-0.07420375641124642,1.0433504452950966,-0.921241023577731,0.8810390161156195,-0.6559567340670603,2.4061353622066877,1.9002520021822882
SSRP1,0.8693057836778972,-4.346851452951908,-3.0828714431433144,1.1821754661951456,-2.1203253201200303,-0.3693562909788152,-1.9641462340420373,-1.1237674706814789,1.964697467388365,4.6015965313773295,1.509449101847692,2.8408399500130908
STAT1,0.9856636796865721,3.71584667391333,1.573770178340743,4.281598157844342,0.10350506185812251,-0.9419665860533327,-1.1123824587393438,-2.07013836559048,-1.4158169404485423,-3.748280045091216,-3.9470067933894524,-3.335485362812819
STAT2,4.793089651769703,5.153787531867704,5.653604592191167,4.80087245017257,5.0986583970594035,-0.5006552684418804,0.04251554903180923,0.03876083494763294,-7.916726470087135,-8.226829807657655,-7.6611538285771354,-9.970606927111875
STAT3,1.1711453246245438,-0.7739625591774124,-1.8193146152496167,1.3853627189617128,-0.7354512778994055,-1.2788790103841405,-3.879972912506704,-3.5638440898979225,1.9392073059513926,1.6245359558574433,2.3756600952471603,2.6918991040190074
STAT4,2.7470480074507226,-0.06278817039186432,-0.6733695578438951,-0.8886364249793146,-0.6763918336576942,-1.4708975949922911,-0.891390744573283,0.6296995972351257,0.09465331039262223,-0.28084652966197693,0.2018639981325825,1.071505222876414
STAT5A,0.15477609880773424,-1.4585776366255518,0.8277213729839693,1.2139314740087508,-0.4282158483983764,0.3471446879807977,-0.5014123309608872,0.32913781022228944,-0.12608611712908577,-0.7709238011524739,-0.2965645200320683,0.5642121896176749
STAT5B,1.1486271566098354,-1.2336035333368482,-0.6009997576133335,0.4208401283885695,-0.9450730508040863,0.03356915580678029,0.0093488215580538,-0.42858166896169964,0.46043053930452693,-0.14280681388239377,0.1849420744851209,1.2262064547377032
STAT6,2.390147943369373,0.9137878453010464,0.326870390688704,-0.12303363248269392,-0.523683742671944,-1.5550524862034603,-2.1482397899565004,-2.6468762124363274,0.835218795487505,-0.4972136218731136,0.6146055610686043,1.0658254962843867
T,-1.895344822248519,-1.002382632839893,1.636541382721319,2.009670311569935,-2.458850774826271,0.7855710204360534,0.8425501389368705,1.0008814074347239,1.057470978550607,-2.0183792414047144,0.0018892478167667583,0.6103033123321915
TAF1,-1.2734604873750448,-1.3355860899080843,1.9878342206745778,4.567157280369764,-4.206340090341859,1.2916046354960742,0.33431925714043353,2.4183221758054767,1.1457013449145168,-5.324198571127918,-1.1431587284361588,1.6368717740986576
TAL1,-0.4785008194254896,-0.29274450515647227,0.1574482928058503,1.4354402695870354,-0.3130172346910329,0.4085445423678167,-0.4635172705797045,-0.9940373556196896,0.4257469626183265,-1.2291470113087468,0.26753400895026763,0.8138085607693313
TBP,-1.2293689678819166,-1.7234959606261928,-0.9811444069539068,2.560194163703005,-2.626030633781643,-0.44846808473904104,-2.0371144310435776,2.071407347417929,2.060132815748298,-1.7875514060779203,1.9474551588735647,1.2508840213383892
TBX21,-2.427665032991012,0.47947476856275373,1.5270703376868329,2.2101621641358813,-1.5929785303508668,0.1902987416667635,-0.3789454584306342,0.044055199910482325,1.1260320347941162,-3.467520211895469,-0.2488194443238409,2.514441905249682
TCF12,-3.694605469120873,-2.9741363454639234,0.6117882929657706,2.350669861668383,-5.271656966139332,2.0251712782153835,1.072090706818204,2.879237748175113,4.089629109562621,-5.518798219152371,2.044630596063567,3.770280227266954
TCF25,0.1932831265867576,3.6881329962799705,-2.2415433765996338,-2.0280398097490377,1.0665160935447318,-0.3998035256681426,1.6457608832368138,-1.2154039079561456,0.05685240832327129,0.74405331473191,-1.3798880191055267,0.6308666001287008
TCF3,0.897607809618396,-0.5960704024553191,0.3928059181686937,0.7811226087411707,-0.047239077040461507,-1.3210043588343376,-1.0164426900589691,1.1361347407093172,0.6084896992822691,-2.616749087285363,0.7940902713701721,0.9806999359690499
TCF4,-1.8108668652117164,-1.1672735271984853,-1.2131030741457836,1.7951919799917495,-3.691490348316009,0.7774728072739213,0.17054799451134403,0.7813505863987492,2.5996516861764953,-2.3770591919654183,0.9296712398097281,3.0145232231231467
TCF7,-1.245656783540794,-0.19019880435350736,-0.04980400551692802,2.679491972704025,-1.2115509353169516,1.1328764672626481,-0.27130827732018636,0.5842824784081831,-0.4836026790982668,-3.132021066808295,-0.4266493505679401,0.8531953774798717
TCF7L2,-0.35698318523887995,-1.4142620820500553,-1.5655607838040375,0.45725495140000777,-0.685694028401407,0.49034266451742686,-1.3453057418338819,-1.0285603023065564,0.5466767038583986,0.903766890893824,1.035401358302708,2.1026439677686137
TEAD1,-5.074414248092579,-1.9871619171843338,-1.8497378875399733,3.493851760488932,-6.8292080540594124,3.279029792605437,1.2176722948650252,2.35166542503108,5.31641620801193,-5.940437981549982,2.3897423343525825,4.4724526671854115
TEAD2,-0.2204805703000143,-2.4134310903611333,0.5021864353780215,1.4634634288999162,-0.021640845489548956,1.5033299837474559,-1.9476437138106706,0.8598534238512217,-0.03031477722149807,-1.3645781708396314,1.1262516979234662,-0.903418691542597
TEAD4,-2.6593415602068435,-2.339072478562646,0.23822932452466625,3.0795981320153616,-3.653690965911166,2.1813553693847174,-0.30470710326501,2.0381918671926473,2.374647423414576,-5.4189770060899205,1.5754166999376897,2.329291328148249
TFAP2A,-2.0309267424063506,-3.10862634585534,0.6554734681359966,1.6812930228652554,-2.574432262406334,0.359697042461785,-0.5084972384690857,0.3786329149541769,2.7892336346105178,-0.1784970010413242,1.8548184529860574,2.2565764262741594
TFAP2C,-2.910603078308837,-0.20668687903736552,-1.9679224947049947,-1.3069711102506385,0.5429150722817008,0.9446587310750953,1.2577654199083468,1.3255861691950368,-0.01753981544243652,-0.33927201623787007,2.2169838859206212,1.3782319251779949
TFAP4,-2.1375384223254965,-1.1810714481391944,3.4307753600645876,1.9569531868085757,-0.7369830862089515,0.2927239126079651,-0.22539681793615024,1.7507478580511169,0.7243390785712415,-5.532847482598792,1.0361618268656223,-0.3380100343992807
TFDP1,0.7592878629139023,-0.5447637410132348,-3.9749604923857125,-1.2523878798962962,-2.310896773465496,-0.17224128877909947,-1.5436650053788754,-0.640501974776323,1.7278600128149693,3.5146184570156254,2.1989071492889014,2.1879188867915116
TGIF2,0.8901577728345731,2.4586091757380832,-1.876479834474909,-2.7816242723424343,0.8119584972143757,0.6394528087590691,0.6405749112989378,-0.9913485098509072,-0.9531179175445846,1.6058037497370556,-0.45201846076243757,-0.3787139984170453
THAP1,-4.191520505896892,-3.645896929289981,2.7170170377614133,1.4999179578294566,-2.864627899279766,1.1397543036754714,-1.0698112877804866,2.9382235545365396,1.592305108463953,-4.0335456702687615,3.2926252522190786,3.7712033057484415
THAP11,0.8543355951333564,4.607943857858192,-1.3385153235287868,-2.5974785211055527,3.701363632218198,-0.549352345716194,0.642999607664735,-0.5079414182816313,-2.322436939366089,-1.0110994999182004,-0.10586957465551092,-1.6356853589693532
TP53,-0.4518405912629893,-2.1592607106586845,1.0249406256238844,0.41695481985397903,-0.8104173859368756,0.22490459599245433,0.7898731937633838,-0.5763250627519019,-0.2250223825621348,-0.4392775002557233,1.7599879523472224,0.46367759729313296
TP63,-0.013879848832455707,0.10253396759438772,1.0912280196564035,0.29506679434707106,-1.1765959739881173,0.09430486611095033,-0.773549850396148,0.2899379547335841,0.9342493616088124,-1.4124963547078637,0.7103841998545497,-0.30680448446725933
TP73,-1.358893564199187,-0.533986393269932,0.22140940837786519,2.2920313720680423,-2.9228908479558955,0.8247485925960115,0.46346627620163744,0.6182468964711528,0.8610810788223667,-2.6994232329471646,0.8358191287528357,2.125970610822162
TWIST1,1.1931358140570971,-1.0321344206892147,-0.46793252931757073,0.5424444369676248,-0.8263639186746748,0.326515042727242,-0.4603155449443837,-1.0946113059742848,-0.009993372997117554,0.05804336570828052,0.7370800008195152,0.3572780662149043
UBTF,-0.9378988781551226,-0.05918206781026518,2.737430298791268,2.519235259516337,0.31414855757881555,-0.8053284411967948,-1.1714816936414596,0.8612218005917738,0.29163904774401894,-5.360060216816484,-0.48016561521715273,1.3694732257215325
USF1,0.35258379317107547,-0.9178379738010275,1.1881591956661064,1.8699124279327817,-1.0973054493153631,0.1609802773679171,-0.7639517670809423,0.8934554081279877,-0.1536689113140683,-2.117559611370674,-0.08565867132733378,-0.40662703412816326
USF2,-0.7209789840801616,-1.7176393869846307,0.6601277627085692,1.8651218028233063,-0.8050695859697845,1.5286120291320193,-0.1356542391330874,0.772498027147736,-0.3184089462972523,-2.634119371588252,0.17307701923266033,0.7766491885422753
VDR,0.5253067535262691,0.30172068866945817,1.081093800220147,1.0465836986141772,-0.5029020804406621,0.5491718148109013,-1.342967509123564,0.6863670959299444,0.04733276716370244,-1.3728573451967627,-0.7383042357309099,-1.7095121319909925
WT1,1.0647130053084142,1.7457514550932738,-0.33589064491945514,0.2678230779371249,0.049159915958919435,0.12858070882311692,-0.7710100094984188,-1.1640727756740954,0.03459230093969986,0.7134881685201954,-0.4330698511141511,-1.12205351415839
XBP1,-2.0574255482767203,-2.5633715364516116,-1.719371896069799,0.6703822786035034,-2.542019807116548,1.2416039026872032,-0.7907286692820292,2.0257023084835817,1.8225899256403282,-0.03157196538661092,1.4698256944859875,2.9130293223061914
YY1,-0.2330080322225853,-0.30828023566762186,-0.8457114800787595,1.7057839309198934,0.19941585360913952,-0.029878308872379657,0.5356864245641669,0.36798995584018,-0.49188547528253235,-0.3978435087702064,-0.2563111193865513,0.6065010360724165
ZBED1,-0.27402650892757385,-0.9869897288614154,0.8685080903078946,2.3707338906894484,-2.286433434378462,0.12278289765822895,-0.8353854359489324,0.5128323200051043,0.7647773108549358,-1.9310394722780353,0.33839635865815,1.6364045770182272
ZBTB11,-0.31165140229627203,-1.397373356536053,0.05127733607701233,4.129942105714669,-4.171059435514907,1.3942333991256965,-1.3132034297357835,-0.4407143714386647,0.9211426431786887,0.15861109439998783,-0.283595204299424,1.2116012437245327
ZBTB33,-0.9854362910270089,-0.8067252908075301,0.9674968715550922,2.522446970080946,-2.254292655792237,1.5215893140459693,-0.4528027756656778,-0.7745208632754268,-0.25769212957443,-0.611337188096663,0.16030921340010437,1.2160973842916314
ZBTB7A,4.8964023690214,4.059212250723633,-5.632961026212703,-2.1209545341175264,0.5840570444333635,-1.179977752235844,2.0059798193706033,-5.121740152601788,-1.8316841639779498,6.995445089747541,-1.783480540571093,-1.5684563375898017
ZEB1,2.6369512347192874,1.2814643670381878,-0.9821702182281474,-0.6992273228805023,0.9475398106514371,-0.3091558395814684,0.41200791771429546,-1.433541580902175,-1.3889543793750803,1.8868284806032167,-1.5734563478472179,-1.0579565874350014
ZEB2,2.394422276038919,2.098472642121329,0.7739394675902735,-2.7965670553132473,5.867857756431185,-2.319733002814729,-0.7853955099136429,-0.6869131690593872,-2.983945108946997,2.81733408733336,-1.0886407292666265,-3.6593316905810895
ZFX,0.10392644403809301,-2.9542445814083558,2.049665223553103,4.061106951120976,-3.7815341578720205,1.1680098601955011,-2.005957879034048,0.590012434925013,1.166843001396918,-2.6835873857985746,0.1855774948197773,1.8134619431100647
ZKSCAN1,-3.064126928898041,-2.23280367014409,2.2162499097167956,0.7466755601758773,-1.2902368926686008,1.6627271043212943,-0.46333741921931365,1.8272911735452098,1.9027386929664203,-3.2628027049370862,1.589033817543301,0.6895541857984184
ZNF143,-2.8751296413276166,-3.240550165919154,0.6086049969446959,1.9487954047851845,-2.76410301832832,1.069306480617752,-0.44968912330101335,2.8049321333773434,2.4308985010701685,-4.062491627232969,2.418539631635899,2.6150788889373113
ZNF217,-2.4290631691378026,-0.5940385397300603,-1.2644031106147697,1.0925123088243036,-1.587095426426462,1.7032745263078337,0.0015626143811824725,0.3790322183831019,1.5093086850514614,-2.477579473003863,1.2098925159284049,3.284377586747631
ZNF24,2.276530300531575,0.7187261379826435,-0.8608533028918474,-0.47193996291704454,1.066225683407406,-0.04892091610786463,-0.8664634287811329,-1.4071985955917194,-0.821473749819812,-0.13429131751264597,0.007834953026659167,-1.8927927956297153
ZNF263,5.7973241499751795,3.9933251338523417,-5.71559478560105,-2.423803971075631,3.158032898737468,-1.798271874383549,2.888996131614514,-5.0516257569044285,-4.17767006492858,12.277437977471198,-3.8409553122843922,-4.686621594871127
ZNF274,-0.19980462653987208,-0.8819262415464312,-0.1433745977516288,-2.247539534562684,3.8609396566787035,-0.679007008486497,1.7228907940466116,0.49145104267720874,-2.057554743839149,1.0552809307129372,0.9596572727359906,-0.37358892021126305
ZNF384,-2.513136511226584,-0.6738891799924505,1.8549440789193357,3.24037560333093,-4.786964147493525,2.161382895085547,0.07167962091690404,2.7021790059416473,2.6218276175517636,-7.738131870148635,1.0296678656045062,1.4374080321735043
ZNF592,-2.1438608493398754,0.2930532364486479,2.4552239395101947,1.1885154193984466,0.4990054556113807,0.6784438935117627,-0.4173563899914341,-0.12758503849428063,0.7231116155862659,-3.3937981401767527,-0.03849008946836265,-0.5725399666241319
ZNF639,-0.3467198069525243,2.5947250943891063,0.9479778890031918,-4.049601082857275,4.390610683692692,-1.1245022753111464,2.2563086850449214,1.443737619695319,-0.9553276937883148,0.015155658937483866,-1.4937639211517024,-3.201699634967995
ZNF740,-0.37291542506290337,-0.38927487615054535,1.604951431461779,2.857560345379663,-2.411629786560636,0.02592367492146564,0.16442149198139583,2.0259789099154935,2.293550921343777,-6.8144236795313535,0.15591372179002708,-0.41550858775074323
